Start	End	DonorLineage	RecipientStrain	log(BF)	StrainName
1	68	29	3	0.4	BT_Cry12Aa1
307	461	17	3	5.3	BT_Cry12Aa1
462	611	29	3	5.0	BT_Cry12Aa1
796	812	11	3	17.7	BT_Cry12Aa1
813	820	29	3	4.7	BT_Cry12Aa1
821	825	17	3	7.5	BT_Cry12Aa1
826	839	2	3	11.3	BT_Cry12Aa1
840	881	15	3	2.9	BT_Cry12Aa1
1142	1315	29	3	6.4	BT_Cry12Aa1
1555	1625	27	3	23.9	BT_Cry12Aa1
1751	1812	18	3	3.3	BT_Cry12Aa1
1813	1813	2	3	2.0	BT_Cry12Aa1
1997	2066	12	3	3.3	BT_Cry12Aa1
2067	2079	16	3	12.1	BT_Cry12Aa1
2080	2084	30	3	1.5	BT_Cry12Aa1
2296	2661	29	3	17.6	BT_Cry12Aa1
2662	2837	19	3	6.5	BT_Cry12Aa1
2838	3034	11	3	7.7	BT_Cry12Aa1
3042	3123	9	3	1.1	BT_Cry12Aa1
3124	3440	29	3	1.3	BT_Cry12Aa1
3624	3721	18	3	0.1	BT_Cry12Aa1
4247	4345	16	3	2.7	BT_Cry12Aa1
4407	4553	5	3	4.8	BT_Cry12Aa1
1	27	28	4	0.0	BT_Cry13Aa1
77	298	28	4	31.2	BT_Cry13Aa1
477	484	17	4	7.6	BT_Cry13Aa1
645	800	28	4	3.7	BT_Cry13Aa1
1088	1098	28	4	4.9	BT_Cry13Aa1
2771	2803	5	4	6.6	BT_Cry13Aa1
4599	4643	28	4	1.0	BT_Cry13Aa1
4838	5032	28	4	1.0	BT_Cry13Aa1
45	174	28	7	11.2	BT_Cry16Aa1
234	247	28	7	12.1	BT_Cry16Aa1
248	272	17	7	0.8	BT_Cry16Aa1
889	1022	21	7	0.4	BT_Cry16Aa1
1023	1044	30	7	3.0	BT_Cry16Aa1
1108	1137	15	7	11.4	BT_Cry16Aa1
1167	1285	4	7	10.0	BT_Cry16Aa1
1286	1495	19	7	20.3	BT_Cry16Aa1
1520	1555	28	7	27.5	BT_Cry16Aa1
1652	1751	27	7	1.9	BT_Cry16Aa1
1795	1811	9	7	0.5	BT_Cry16Aa1
1863	2037	28	7	16.3	BT_Cry16Aa1
2277	2312	15	7	0.9	BT_Cry16Aa1
2313	2391	14	7	5.5	BT_Cry16Aa1
2440	2525	27	7	6.3	BT_Cry16Aa1
2526	2715	28	7	5.6	BT_Cry16Aa1
2716	2894	15	7	16.8	BT_Cry16Aa1
2895	3078	18	7	17.3	BT_Cry16Aa1
3079	3161	16	7	5.9	BT_Cry16Aa1
3169	3204	9	7	0.9	BT_Cry16Aa1
3467	3477	15	7	2.8	BT_Cry16Aa1
3528	3553	28	7	1.7	BT_Cry16Aa1
3603	3707	28	7	1.2	BT_Cry16Aa1
4104	4148	30	7	1.8	BT_Cry16Aa1
4149	4222	2	7	4.9	BT_Cry16Aa1
5054	5087	5	7	0.7	BT_Cry16Aa1
1	60	12	8	0.4	BT_Cry17Aa1
1513	1548	28	8	16.8	BT_Cry17Aa1
1549	1555	15	8	11.7	BT_Cry17Aa1
1556	1626	18	8	24.1	BT_Cry17Aa1
1627	1864	28	8	1.6	BT_Cry17Aa1
3018	3129	28	8	3.6	BT_Cry17Aa1
3163	3217	14	8	0.1	BT_Cry17Aa1
3310	3322	1	8	6.1	BT_Cry17Aa1
3407	3634	18	8	0.4	BT_Cry17Aa1
3713	3713	26	8	1.9	BT_Cry17Aa1
3714	3775	25	8	1.5	BT_Cry17Aa1
3776	3852	28	8	1.4	BT_Cry17Aa1
3853	3870	8	8	10.4	BT_Cry17Aa1
3871	3900	7	8	8.9	BT_Cry17Aa1
4035	4101	7	8	0.8	BT_Cry17Aa1
3815	3826	4	11	23.9	BT_Cry18Ca1
5004	5022	15	11	19.8	BT_Cry18Ca1
1	71	14	12	3.9	BT_Cry19Aa1
1813	3548	15	12	7.6	BT_Cry19Aa1
4600	4671	28	12	4.0	BT_Cry19Aa1
4674	4703	27	12	3.7	BT_Cry19Aa1
4704	4722	14	12	0.3	BT_Cry19Aa1
4723	4795	12	12	4.1	BT_Cry19Aa1
4796	4837	20	12	1.1	BT_Cry19Aa1
1958	1977	29	13	3.6	BT_Cry19Ba1
4399	4406	14	13	1.4	BT_Cry19Ba1
4412	4416	14	13	10.1	BT_Cry19Ba1
4883	5079	24	18	8.8	BT_Cry1Ac39
208	1019	26	21	27.8	BT_Cry1Ah2
4883	5073	24	21	5.9	BT_Cry1Ah2
4883	5073	24	22	7.1	BT_Cry1Ai1
1089	1110	30	23	21.3	BT_Cry1A-like
1153	1189	30	23	8.7	BT_Cry1A-like
1426	1647	30	23	30.0	BT_Cry1A-like
2055	2082	30	23	35.4	BT_Cry1A-like
4155	5014	21	24	3.7	BT_Cry1Ba1
3817	3998	22	26	4.2	BT_Cry1Bd1
4240	4829	22	26	6.2	BT_Cry1Bd1
3817	3996	22	30	2.7	BT_Cry1Bh1
4240	4829	22	30	6.0	BT_Cry1Bh1
3818	3946	22	31	5.4	BT_Cry1Bi1
4237	4785	22	31	8.8	BT_Cry1Bi1
3810	3946	22	32	6.3	BT_Cry1Bj1
4237	4763	22	32	9.2	BT_Cry1Bj1
4364	4410	30	33	6.2	BT_Cry1Ca11
222	290	22	35	17.5	BT_Cry1Da1
428	1023	22	35	10.6	BT_Cry1Da1
221	655	22	36	12.8	BT_Cry1Db1
823	1034	22	36	2.6	BT_Cry1Db1
222	1135	22	37	24.0	BT_Cry1Ea10
223	1125	22	38	14.8	BT_Cry1Eb1
1	54	22	39	3.2	BT_Cry1Fa1
1	55	22	40	1.2	BT_Cry1Fb1
3355	3429	30	41	5.8	BT_Cry1Ga2
4065	5043	25	50	2.2	BT_Cry1Ig1
1798	1842	25	55	9.9	BT_Cry1Ka2
2273	2750	29	55	9.2	BT_Cry1Ka2
3969	5079	25	55	0.3	BT_Cry1Ka2
2310	2407	7	56	1.1	BT_Cry1La1
1820	1842	25	57	16.7	BT_Cry1Ma1
2275	2779	29	57	9.6	BT_Cry1Ma1
1	1558	29	58	7.7	BT_Cry1Na1
1	1580	29	59	13.7	BT_Cry1Nb1
3152	3163	21	59	12.2	BT_Cry1Nb1
1925	2308	30	62	11.4	BT_Cry21Aa1
2309	2410	16	62	2.8	BT_Cry21Aa1
2411	2567	29	62	6.3	BT_Cry21Aa1
2776	2940	1	62	6.8	BT_Cry21Aa1
2941	3054	9	62	3.5	BT_Cry21Aa1
4538	4604	17	62	0.7	BT_Cry21Aa1
1914	2241	30	63	23.2	BT_Cry21Ba1
2532	2617	16	63	1.4	BT_Cry21Ba1
2763	3048	9	63	13.3	BT_Cry21Ba1
4537	4606	21	63	0.5	BT_Cry21Ba1
351	476	23	65	3.2	BT_Cry21Da1
1710	1723	21	65	0.4	BT_Cry21Da1
1757	1801	18	65	1.5	BT_Cry21Da1
1802	1834	16	65	13.4	BT_Cry21Da1
2690	3016	30	65	14.7	BT_Cry21Da1
3647	3775	30	65	1.3	BT_Cry21Da1
4383	4413	29	65	4.2	BT_Cry21Da1
4612	4698	20	65	3.7	BT_Cry21Da1
2115	2119	30	66	10.9	BT_Cry21Fa1
2198	2285	30	66	2.7	BT_Cry21Fa1
2518	2673	30	66	7.5	BT_Cry21Fa1
2674	2746	26	66	1.6	BT_Cry21Fa1
2778	2915	1	66	6.2	BT_Cry21Fa1
2929	3050	14	66	5.1	BT_Cry21Fa1
4499	4549	5	66	0.2	BT_Cry21Fa1
4875	4959	12	66	2.5	BT_Cry21Fa1
4960	5082	30	66	5.1	BT_Cry21Fa1
1	55	19	67	0.4	BT_Cry21Ga1
323	437	6	67	4.5	BT_Cry21Ga1
457	580	29	67	5.1	BT_Cry21Ga1
818	871	29	67	15.8	BT_Cry21Ga1
872	872	7	67	1.9	BT_Cry21Ga1
1810	1829	30	67	29.1	BT_Cry21Ga1
1830	1855	18	67	4.2	BT_Cry21Ga1
1856	1947	20	67	0.8	BT_Cry21Ga1
1948	2008	27	67	8.6	BT_Cry21Ga1
2009	2060	30	67	5.0	BT_Cry21Ga1
2079	2115	7	67	11.1	BT_Cry21Ga1
2116	2118	8	67	2.7	BT_Cry21Ga1
2142	2289	16	67	6.8	BT_Cry21Ga1
2290	2826	2	67	34.1	BT_Cry21Ga1
2827	2982	1	67	7.4	BT_Cry21Ga1
2996	3069	2	67	1.7	BT_Cry21Ga1
3364	3464	15	67	3.5	BT_Cry21Ga1
4418	4503	5	67	2.5	BT_Cry21Ga1
4504	4672	29	67	2.3	BT_Cry21Ga1
304	356	2	68	0.0	BT_Cry21Ha1
2372	2630	29	68	13.7	BT_Cry21Ha1
2985	3052	21	68	0.9	BT_Cry21Ha1
3723	3738	30	68	11.7	BT_Cry21Ha1
4443	4526	27	68	1.9	BT_Cry21Ha1
4787	4873	25	68	2.1	BT_Cry21Ha1
4874	4984	14	68	3.7	BT_Cry21Ha1
4333	4430	20	69	0.9	BT_Cry24Ca1
4008	4051	14	70	0.9	BT_Cry24Da1
4052	4242	20	70	14.8	BT_Cry24Da1
4271	4324	20	70	1.3	BT_Cry24Da1
4730	4891	20	70	12.0	BT_Cry24Da1
1	78	7	71	5.5	BT_Cry26Aa1
2736	2763	28	71	0.2	BT_Cry26Aa1
2871	2936	22	71	4.1	BT_Cry26Aa1
2949	2983	1	71	0.9	BT_Cry26Aa1
2984	3013	15	71	0.4	BT_Cry26Aa1
3014	3054	6	71	1.5	BT_Cry26Aa1
3055	3122	7	71	4.4	BT_Cry26Aa1
3123	3198	18	71	5.2	BT_Cry26Aa1
3358	3415	22	71	3.3	BT_Cry26Aa1
3416	3461	16	71	2.0	BT_Cry26Aa1
3462	3490	25	71	8.1	BT_Cry26Aa1
3749	3825	25	71	5.4	BT_Cry26Aa1
3868	3906	9	71	8.7	BT_Cry26Aa1
3907	3951	14	71	0.1	BT_Cry26Aa1
3952	3987	3	71	1.0	BT_Cry26Aa1
3992	4054	8	71	3.8	BT_Cry26Aa1
4055	4155	17	71	8.1	BT_Cry26Aa1
4156	4270	13	71	9.7	BT_Cry26Aa1
4557	4626	4	71	4.6	BT_Cry26Aa1
4749	4810	26	71	3.7	BT_Cry26Aa1
4811	4856	10	71	2.0	BT_Cry26Aa1
4857	4984	15	71	11.2	BT_Cry26Aa1
4985	5019	14	71	0.9	BT_Cry26Aa1
5044	5077	17	71	0.8	BT_Cry26Aa1
1	89	9	72	3.7	BT_Cry27Aa1
1496	1543	28	72	10.9	BT_Cry27Aa1
1793	1798	9	72	2.6	BT_Cry27Aa1
1	75	18	73	2.7	BT_Cry28Aa2
797	950	18	73	3.4	BT_Cry28Aa2
1782	1796	16	73	0.7	BT_Cry28Aa2
1797	1824	26	73	5.9	BT_Cry28Aa2
1825	1844	28	73	7.5	BT_Cry28Aa2
2426	2488	13	73	1.8	BT_Cry28Aa2
2901	2998	9	73	4.6	BT_Cry28Aa2
2999	3092	27	73	4.3	BT_Cry28Aa2
3093	3170	26	73	3.0	BT_Cry28Aa2
3293	3336	21	73	7.1	BT_Cry28Aa2
3337	3406	30	73	2.3	BT_Cry28Aa2
1	78	9	74	2.8	BT_Cry29Aa1
807	821	9	74	17.0	BT_Cry29Aa1
3526	3527	9	79	4.5	BT_Cry2Ac10
3603	3640	27	79	5.9	BT_Cry2Ac10
3603	3639	30	81	6.2	BT_Cry2Af1
1835	1925	30	87	21.3	BT_Cry2Ba2
2033	2061	30	87	29.8	BT_Cry2Ba2
3065	3076	20	87	13.8	BT_Cry2Ba2
3521	3542	30	87	9.6	BT_Cry2Ba2
3598	3636	17	87	4.1	BT_Cry2Ba2
2397	2408	4	88	0.6	BT_Cry30Aa1
2331	2424	15	92	7.7	BT_Cry30Ea1
4233	4242	29	97	24.0	BT_Cry31Ac1
224	294	29	99	27.8	BT_Cry32Aa1
509	1090	29	99	11.8	BT_Cry32Aa1
1824	2040	29	99	0.5	BT_Cry32Aa1
2313	2528	29	99	1.8	BT_Cry32Aa1
2551	2872	29	99	2.8	BT_Cry32Aa1
2873	2905	21	99	0.5	BT_Cry32Aa1
4158	4270	15	99	1.5	BT_Cry32Aa1
4271	4305	29	99	0.0	BT_Cry32Aa1
4336	4690	29	99	7.3	BT_Cry32Aa1
4754	4992	29	99	1.7	BT_Cry32Aa1
1	253	29	100	35.0	BT_Cry32Ba1
1121	1527	30	100	3.3	BT_Cry32Ba1
1528	1580	29	100	11.9	BT_Cry32Ba1
2063	2327	29	100	6.2	BT_Cry32Ba1
2422	2447	22	100	0.1	BT_Cry32Ba1
2468	2530	18	100	4.1	BT_Cry32Ba1
2531	2903	3	100	40.7	BT_Cry32Ba1
3036	3080	29	100	2.1	BT_Cry32Ba1
3337	3419	30	100	6.5	BT_Cry32Ba1
4389	4688	30	100	13.7	BT_Cry32Ba1
4689	4731	18	100	0.9	BT_Cry32Ba1
4753	4823	30	100	5.1	BT_Cry32Ba1
4926	5016	20	100	0.5	BT_Cry32Ba1
2654	2702	21	101	0.9	BT_Cry32Ca1
3289	3371	27	101	0.6	BT_Cry32Ca1
4710	4870	23	101	10.7	BT_Cry32Ca1
2610	2654	27	102	0.6	BT_Cry32Cb1
2655	2702	21	102	0.8	BT_Cry32Cb1
3289	3341	27	102	5.7	BT_Cry32Cb1
4606	4677	27	102	2.8	BT_Cry32Cb1
4678	4700	13	102	4.1	BT_Cry32Cb1
4797	4917	15	102	7.0	BT_Cry32Cb1
87	211	29	103	25.2	BT_Cry32Da1
212	402	8	103	35.9	BT_Cry32Da1
403	588	29	103	1.1	BT_Cry32Da1
589	778	8	103	21.9	BT_Cry32Da1
779	1193	29	103	23.3	BT_Cry32Da1
1911	1967	28	103	0.0	BT_Cry32Da1
2071	2326	29	103	19.1	BT_Cry32Da1
3639	3653	8	103	5.3	BT_Cry32Da1
4817	4893	29	103	1.0	BT_Cry32Da1
1856	1944	22	104	5.7	BT_Cry32Ea1
1820	1827	22	105	5.2	BT_Cry32Ea2
1828	1933	8	105	4.8	BT_Cry32Ea2
85	251	29	106	34.5	BT_Cry32Fa1
1795	1797	29	106	0.0	BT_Cry32Fa1
1967	2097	29	106	2.6	BT_Cry32Fa1
2403	2405	10	106	2.2	BT_Cry32Fa1
2562	2569	2	106	5.5	BT_Cry32Fa1
2640	2742	2	106	4.0	BT_Cry32Fa1
3061	3149	30	106	5.1	BT_Cry32Fa1
3799	3873	29	106	0.9	BT_Cry32Fa1
4018	4242	29	106	18.4	BT_Cry32Fa1
2637	2826	29	107	9.3	BT_Cry32Ga1
4417	4570	28	107	13.0	BT_Cry32Ga1
1831	1918	17	110	6.4	BT_Cry32Ia1
2224	2327	29	110	14.5	BT_Cry32Ia1
2474	2514	29	110	1.3	BT_Cry32Ia1
2798	2902	26	110	8.2	BT_Cry32Ia1
3975	4189	1	110	9.0	BT_Cry32Ia1
4190	4244	29	110	2.8	BT_Cry32Ia1
4435	4509	20	110	4.9	BT_Cry32Ia1
4888	4996	29	110	6.1	BT_Cry32Ia1
1831	1963	29	111	11.9	BT_Cry32Ja1
1980	1981	29	111	3.1	BT_Cry32Ja1
2208	2316	29	111	1.2	BT_Cry32Ja1
3954	4089	8	111	3.9	BT_Cry32Ja1
4090	4207	11	111	10.1	BT_Cry32Ja1
4333	4647	30	111	5.0	BT_Cry32Ja1
4648	4710	14	111	1.3	BT_Cry32Ja1
4711	4797	1	111	6.5	BT_Cry32Ja1
190	295	29	112	45.0	BT_Cry32Ka1
1819	1843	17	112	0.6	BT_Cry32Ka1
1867	1960	9	112	5.0	BT_Cry32Ka1
2373	2429	29	112	13.0	BT_Cry32Ka1
1	254	29	113	42.3	BT_Cry32La1
1118	1154	30	113	10.2	BT_Cry32La1
1183	1471	30	113	15.1	BT_Cry32La1
2792	2896	9	113	7.8	BT_Cry32La1
3340	3443	30	113	7.7	BT_Cry32La1
4389	4693	30	113	9.0	BT_Cry32La1
4694	4709	18	113	4.1	BT_Cry32La1
4723	4770	18	113	1.9	BT_Cry32La1
3752	3874	27	114	10.9	BT_Cry32Ma1
4246	5015	29	114	45.5	BT_Cry32Ma1
3812	3908	27	115	19.6	BT_Cry32Mb1
4242	5017	29	115	43.2	BT_Cry32Mb1
1831	1952	29	116	10.7	BT_Cry32Na1
2029	2112	29	116	14.3	BT_Cry32Na1
2113	2906	30	116	4.3	BT_Cry32Na1
2957	3237	30	116	5.5	BT_Cry32Na1
3345	3426	6	116	6.1	BT_Cry32Na1
4058	4191	29	116	12.1	BT_Cry32Na1
4461	4503	30	116	1.8	BT_Cry32Na1
4136	4468	29	117	2.6	BT_Cry32Oa1
745	766	25	118	5.7	BT_Cry32Pa1
767	775	27	118	2.6	BT_Cry32Pa1
777	789	27	118	2.5	BT_Cry32Pa1
790	807	11	118	10.1	BT_Cry32Pa1
808	858	27	118	24.6	BT_Cry32Pa1
859	892	8	118	0.0	BT_Cry32Pa1
893	993	10	118	6.0	BT_Cry32Pa1
994	1025	17	118	2.4	BT_Cry32Pa1
1231	1306	5	118	3.6	BT_Cry32Pa1
2459	2604	28	118	1.3	BT_Cry32Pa1
2605	2664	2	118	2.2	BT_Cry32Pa1
2817	2916	6	118	5.9	BT_Cry32Pa1
2917	3242	30	118	12.9	BT_Cry32Pa1
3248	3321	8	118	0.4	BT_Cry32Pa1
4376	4647	8	118	3.0	BT_Cry32Pa1
1832	1864	15	119	0.0	BT_Cry32Qa1
2223	2298	29	119	13.5	BT_Cry32Qa1
2322	2322	29	119	1.6	BT_Cry32Qa1
2323	2391	12	119	0.9	BT_Cry32Qa1
2392	2414	1	119	5.2	BT_Cry32Qa1
2643	2755	9	119	7.3	BT_Cry32Qa1
4362	4367	11	119	2.2	BT_Cry32Qa1
4368	4484	3	119	5.1	BT_Cry32Qa1
4716	4863	25	119	1.6	BT_Cry32Qa1
4864	4892	26	119	3.1	BT_Cry32Qa1
1830	1871	8	120	1.8	BT_Cry32Ra1
2236	2259	29	120	2.0	BT_Cry32Ra1
2374	2428	8	120	5.6	BT_Cry32Ra1
2638	2958	30	120	35.6	BT_Cry32Ra1
3991	4223	29	120	18.7	BT_Cry32Ra1
4336	4366	29	120	0.3	BT_Cry32Ra1
4367	4635	30	120	22.8	BT_Cry32Ra1
4936	4996	13	120	4.0	BT_Cry32Ra1
1	53	9	121	1.7	BT_Cry32Sa1
1266	1414	21	121	10.9	BT_Cry32Sa1
2234	2304	27	121	15.0	BT_Cry32Sa1
2586	2882	2	121	25.4	BT_Cry32Sa1
2915	3060	7	121	10.6	BT_Cry32Sa1
3066	3116	17	121	1.6	BT_Cry32Sa1
3117	3278	11	121	0.6	BT_Cry32Sa1
3308	3316	18	121	2.5	BT_Cry32Sa1
3317	3323	3	121	3.8	BT_Cry32Sa1
3352	3424	3	121	3.6	BT_Cry32Sa1
3468	3485	3	121	9.9	BT_Cry32Sa1
4071	4127	14	121	2.1	BT_Cry32Sa1
1402	1461	28	122	2.5	BT_Cry32Ta1
1462	1481	13	122	2.9	BT_Cry32Ta1
3345	3396	6	122	1.7	BT_Cry32Ta1
1	560	29	123	47.4	BT_Cry32Ua1
561	775	8	123	30.7	BT_Cry32Ua1
776	1195	29	123	29.8	BT_Cry32Ua1
2070	2326	29	123	20.6	BT_Cry32Ua1
3525	3655	29	123	4.1	BT_Cry32Ua1
221	303	29	124	57.6	BT_Cry32Va1
489	1044	29	124	33.4	BT_Cry32Va1
2516	2848	15	126	17.0	BT_Cry39Aa1
2997	3071	18	126	3.5	BT_Cry39Aa1
3458	3467	16	126	0.5	BT_Cry39Aa1
3468	3473	15	126	0.4	BT_Cry39Aa1
4781	4883	14	126	6.1	BT_Cry39Aa1
4152	4156	29	130	4.1	BT_Cry3Ca1
778	795	30	131	26.2	BT_Cry40Aa1
3820	3832	29	131	22.1	BT_Cry40Aa1
3709	5028	29	132	13.2	BT_Cry40Ba1
3994	4038	29	133	4.2	BT_Cry40Ca1
806	825	9	135	16.1	BT_Cry41Ba1
1283	1397	28	135	7.3	BT_Cry41Ba1
1538	1552	28	135	7.5	BT_Cry41Ba1
1553	1667	27	135	11.4	BT_Cry41Ba1
2072	2074	27	135	5.5	BT_Cry41Ba1
2075	2107	4	135	8.1	BT_Cry41Ba1
2109	2175	18	135	2.8	BT_Cry41Ba1
2176	2264	15	135	2.5	BT_Cry41Ba1
2373	2454	30	135	4.2	BT_Cry41Ba1
2455	2526	21	135	3.3	BT_Cry41Ba1
2624	2675	2	135	1.5	BT_Cry41Ba1
2676	2709	4	135	0.0	BT_Cry41Ba1
3066	3113	27	135	1.2	BT_Cry41Ba1
3167	3205	9	135	0.4	BT_Cry41Ba1
4030	4150	2	135	7.9	BT_Cry41Ba1
4387	4394	15	135	5.5	BT_Cry41Ba1
4396	4410	9	135	3.4	BT_Cry41Ba1
4411	4476	7	135	2.8	BT_Cry41Ba1
4492	4585	4	135	5.3	BT_Cry41Ba1
4586	4872	27	135	2.2	BT_Cry41Ba1
4873	4985	28	135	7.1	BT_Cry41Ba1
765	919	8	136	21.2	BT_Cry41Ba2
920	1005	28	136	4.7	BT_Cry41Ba2
1006	1026	23	136	6.0	BT_Cry41Ba2
1571	1721	27	136	0.7	BT_Cry41Ba2
2248	2252	6	136	2.9	BT_Cry41Ba2
2253	2257	16	136	5.8	BT_Cry41Ba2
2258	2306	27	136	3.2	BT_Cry41Ba2
2307	2421	30	136	7.5	BT_Cry41Ba2
2422	2612	27	136	2.3	BT_Cry41Ba2
2613	2783	2	136	12.9	BT_Cry41Ba2
2784	2929	21	136	10.5	BT_Cry41Ba2
2930	3248	11	136	9.9	BT_Cry41Ba2
2663	2722	18	137	2.2	BT_Cry43Aa1
2723	2769	1	137	1.0	BT_Cry43Aa1
2770	2952	3	137	13.6	BT_Cry43Aa1
1	142	6	138	9.5	BT_Cry43Ba1
1	52	8	142	1.6	BT_Cry44Aa1
95	168	13	142	3.6	BT_Cry44Aa1
169	221	28	142	1.7	BT_Cry44Aa1
1866	1910	27	142	1.0	BT_Cry44Aa1
2634	2695	30	142	2.5	BT_Cry44Aa1
2696	2772	21	142	3.9	BT_Cry44Aa1
2773	2903	13	142	9.0	BT_Cry44Aa1
2904	2989	27	142	4.7	BT_Cry44Aa1
3434	3480	2	142	3.7	BT_Cry44Aa1
3537	3547	13	142	3.4	BT_Cry44Aa1
4848	5046	20	142	15.7	BT_Cry44Aa1
1	331	25	143	5.9	BT_Cry47Aa1
1771	1819	26	143	2.4	BT_Cry47Aa1
1902	1947	25	143	0.2	BT_Cry47Aa1
1993	2085	25	143	0.4	BT_Cry47Aa1
2646	2986	25	143	23.1	BT_Cry47Aa1
3304	3327	26	143	12.5	BT_Cry47Aa1
3429	3485	24	143	8.6	BT_Cry47Aa1
4100	4253	25	143	8.4	BT_Cry47Aa1
4293	4299	27	143	2.1	BT_Cry47Aa1
4306	4354	15	143	1.3	BT_Cry47Aa1
4379	4409	10	143	7.1	BT_Cry47Aa1
4410	4460	14	143	0.5	BT_Cry47Aa1
4461	4565	25	143	4.5	BT_Cry47Aa1
1	134	28	146	7.8	BT_Cry4Aa1
136	178	18	146	0.3	BT_Cry4Aa1
215	235	1	146	3.3	BT_Cry4Aa1
236	237	14	146	0.7	BT_Cry4Aa1
238	250	10	146	2.9	BT_Cry4Aa1
725	822	18	146	18.1	BT_Cry4Aa1
823	836	8	146	11.6	BT_Cry4Aa1
837	849	7	146	2.9	BT_Cry4Aa1
859	904	28	146	0.6	BT_Cry4Aa1
905	989	1	146	3.6	BT_Cry4Aa1
1020	1021	9	146	0.7	BT_Cry4Aa1
1022	1026	1	146	6.2	BT_Cry4Aa1
1160	1201	9	146	0.3	BT_Cry4Aa1
1930	1968	15	146	0.0	BT_Cry4Aa1
2353	2408	26	146	1.3	BT_Cry4Aa1
2795	2838	15	146	0.4	BT_Cry4Aa1
2839	2913	27	146	2.8	BT_Cry4Aa1
3066	3115	18	146	0.9	BT_Cry4Aa1
3116	3163	11	146	0.7	BT_Cry4Aa1
4847	4912	18	146	2.1	BT_Cry4Aa1
1	78	18	149	3.8	BT_Cry4Ca1
274	297	11	149	4.9	BT_Cry4Ca1
298	298	21	149	1.6	BT_Cry4Ca1
924	968	13	149	0.9	BT_Cry4Ca1
1353	1471	17	149	7.6	BT_Cry4Ca1
1472	1506	19	149	0.1	BT_Cry4Ca1
2621	2673	18	149	1.6	BT_Cry4Ca1
2691	2909	15	149	17.1	BT_Cry4Ca1
4719	4783	4	149	2.6	BT_Cry4Ca1
4812	4881	27	149	3.1	BT_Cry4Ca1
1	131	15	150	37.1	BT_Cry50Aa1
196	1597	15	150	59.7	BT_Cry50Aa1
1	230	29	151	53.2	BT_Cry50Ba1
231	1595	15	151	64.4	BT_Cry50Ba1
4240	4981	19	151	9.8	BT_Cry50Ba1
3736	5077	20	152	6.2	BT_Cry52Aa1
2215	2249	16	153	2.0	BT_Cry52Ba1
3742	4435	20	153	8.2	BT_Cry52Ba1
4676	5070	20	153	2.9	BT_Cry52Ba1
110	123	29	154	4.4	BT_Cry52Ca1
3821	4574	20	154	3.6	BT_Cry52Ca1
4635	5085	20	154	7.6	BT_Cry52Ca1
1833	1836	17	155	4.0	BT_Cry53Aa1
1837	1910	8	155	3.4	BT_Cry53Aa1
1911	1984	24	155	3.4	BT_Cry53Aa1
1	56	14	157	1.2	BT_Cry54Aa1
57	115	3	157	1.5	BT_Cry54Aa1
116	165	18	157	0.8	BT_Cry54Aa1
228	253	3	157	17.7	BT_Cry54Aa1
4849	4904	17	157	1.2	BT_Cry54Aa1
1	109	3	158	5.9	BT_Cry54Ba1
110	227	18	158	0.0	BT_Cry54Ba1
228	271	28	158	17.3	BT_Cry54Ba1
1587	1647	3	158	2.8	BT_Cry54Ba1
2242	2261	27	158	16.9	BT_Cry54Ba1
2262	2272	18	158	8.6	BT_Cry54Ba1
2273	2273	9	158	1.7	BT_Cry54Ba1
2457	2498	25	158	0.4	BT_Cry54Ba1
2588	2628	8	158	0.3	BT_Cry54Ba1
2635	2704	27	158	2.6	BT_Cry54Ba1
2705	2849	18	158	9.1	BT_Cry54Ba1
2850	3065	6	158	15.4	BT_Cry54Ba1
3066	3140	25	158	3.0	BT_Cry54Ba1
3316	3336	12	158	0.4	BT_Cry54Ba1
4568	4616	6	158	0.9	BT_Cry54Ba1
4617	4653	28	158	0.0	BT_Cry54Ba1
4767	4854	28	158	4.1	BT_Cry54Ba1
1	90	29	160	4.2	BT_Cry57Ab1
2470	2652	23	160	4.5	BT_Cry57Ab1
3349	3404	12	160	1.4	BT_Cry57Ab1
318	479	6	161	6.5	BT_Cry58Aa1
872	881	23	161	1.3	BT_Cry58Aa1
882	965	29	161	1.6	BT_Cry58Aa1
2261	2444	17	161	7.9	BT_Cry58Aa1
2453	2511	21	161	0.2	BT_Cry58Aa1
2706	2791	25	161	1.8	BT_Cry58Aa1
4238	4305	17	161	9.8	BT_Cry58Aa1
4306	4308	2	161	2.9	BT_Cry58Aa1
1	123	26	162	5.9	BT_Cry59Aa1
216	239	28	162	10.3	BT_Cry59Aa1
240	302	17	162	30.7	BT_Cry59Aa1
405	628	30	162	12.9	BT_Cry59Aa1
672	688	1	162	3.5	BT_Cry59Aa1
1120	1147	17	162	8.3	BT_Cry59Aa1
4737	4892	28	162	8.5	BT_Cry59Aa1
4893	4947	26	162	0.8	BT_Cry59Aa1
4948	5010	22	162	1.4	BT_Cry59Aa1
1	425	20	163	14.0	BT_Cry59Ba1
516	1683	20	163	44.0	BT_Cry59Ba1
3382	3504	17	163	0.7	BT_Cry59Ba1
3505	3740	20	163	3.4	BT_Cry59Ba1
4786	4877	28	163	0.9	BT_Cry59Ba1
4878	4953	26	163	0.2	BT_Cry59Ba1
1	84	15	164	6.4	BT_Cry5Ab1
247	309	29	164	4.0	BT_Cry5Ab1
310	450	2	164	13.1	BT_Cry5Ab1
451	498	29	164	2.4	BT_Cry5Ab1
499	589	16	164	7.3	BT_Cry5Ab1
1134	1134	20	164	1.4	BT_Cry5Ab1
1135	1321	13	164	15.3	BT_Cry5Ab1
1322	1466	6	164	10.6	BT_Cry5Ab1
1734	1885	30	164	2.4	BT_Cry5Ab1
2276	2379	23	164	8.8	BT_Cry5Ab1
2380	2707	29	164	34.8	BT_Cry5Ab1
2708	2753	15	164	2.2	BT_Cry5Ab1
2754	3114	29	164	38.6	BT_Cry5Ab1
3115	3285	27	164	7.4	BT_Cry5Ab1
3286	3289	30	164	3.4	BT_Cry5Ab1
3290	3338	18	164	1.7	BT_Cry5Ab1
3348	3459	29	164	9.7	BT_Cry5Ab1
4405	4528	14	164	11.1	BT_Cry5Ab1
4529	4598	7	164	4.8	BT_Cry5Ab1
4630	4632	14	164	4.9	BT_Cry5Ab1
4753	4801	17	164	2.5	BT_Cry5Ab1
4802	4858	25	164	3.4	BT_Cry5Ab1
579	708	29	165	1.2	BT_Cry5Ba1
2052	2059	27	165	4.2	BT_Cry5Ba1
2060	2087	17	165	21.4	BT_Cry5Ba1
2088	2151	30	165	16.5	BT_Cry5Ba1
2152	2357	16	165	10.5	BT_Cry5Ba1
2358	2600	29	165	13.0	BT_Cry5Ba1
2636	2687	16	165	0.1	BT_Cry5Ba1
2761	2915	16	165	6.9	BT_Cry5Ba1
2916	3057	9	165	6.0	BT_Cry5Ba1
1	47	3	166	0.1	BT_Cry5Ca1
331	396	16	166	1.3	BT_Cry5Ca1
397	473	12	166	2.1	BT_Cry5Ca1
2212	2409	29	166	11.0	BT_Cry5Ca1
2620	2684	27	166	1.3	BT_Cry5Ca1
2685	2760	30	166	2.0	BT_Cry5Ca1
2761	2885	20	166	5.6	BT_Cry5Ca1
2886	3017	29	166	6.1	BT_Cry5Ca1
3462	3739	30	166	1.1	BT_Cry5Ca1
4402	4500	15	166	1.5	BT_Cry5Ca1
1	57	15	167	0.8	BT_Cry5Da1
251	311	29	167	1.1	BT_Cry5Da1
312	406	12	167	3.6	BT_Cry5Da1
407	597	30	167	10.8	BT_Cry5Da1
815	824	2	167	7.5	BT_Cry5Da1
825	939	27	167	1.4	BT_Cry5Da1
940	1051	29	167	2.5	BT_Cry5Da1
1126	1302	30	167	0.1	BT_Cry5Da1
1303	1468	29	167	2.7	BT_Cry5Da1
1779	1801	16	167	1.7	BT_Cry5Da1
1802	1812	4	167	2.2	BT_Cry5Da1
1813	1959	30	167	5.3	BT_Cry5Da1
1960	2060	29	167	8.2	BT_Cry5Da1
2061	2061	30	167	1.8	BT_Cry5Da1
2098	2130	30	167	21.2	BT_Cry5Da1
2307	2393	7	167	3.0	BT_Cry5Da1
2394	2474	29	167	2.5	BT_Cry5Da1
2475	2523	23	167	0.3	BT_Cry5Da1
2605	2761	30	167	8.2	BT_Cry5Da1
2772	2884	12	167	4.9	BT_Cry5Da1
2885	3390	30	167	6.0	BT_Cry5Da1
3499	3535	30	167	2.5	BT_Cry5Da1
4689	4713	5	167	2.6	BT_Cry5Da1
4714	4821	29	167	4.5	BT_Cry5Da1
1	107	29	168	2.4	BT_Cry5Ea2
319	402	5	168	1.2	BT_Cry5Ea2
403	608	29	168	8.2	BT_Cry5Ea2
815	831	11	168	14.8	BT_Cry5Ea2
832	858	26	168	3.4	BT_Cry5Ea2
1593	2005	29	168	6.8	BT_Cry5Ea2
2006	2056	3	168	0.5	BT_Cry5Ea2
2057	2062	16	168	9.9	BT_Cry5Ea2
2113	2116	9	168	5.2	BT_Cry5Ea2
2157	2261	22	168	2.3	BT_Cry5Ea2
2262	2724	29	168	23.1	BT_Cry5Ea2
3290	3299	4	168	15.7	BT_Cry5Ea2
3428	3585	30	168	6.1	BT_Cry5Ea2
4768	4859	29	168	1.6	BT_Cry5Ea2
800	849	4	169	22.5	BT_Cry61Aa1
850	920	25	169	3.4	BT_Cry61Aa1
921	995	4	169	3.8	BT_Cry61Aa1
1931	2007	25	169	4.0	BT_Cry61Aa1
2008	2063	14	169	2.0	BT_Cry61Aa1
2064	2072	7	169	10.2	BT_Cry61Aa1
2073	2078	17	169	11.6	BT_Cry61Aa1
2094	2109	27	169	6.7	BT_Cry61Aa1
2115	2188	19	169	3.7	BT_Cry61Aa1
2647	2693	30	169	1.2	BT_Cry61Aa1
2694	2775	1	169	4.5	BT_Cry61Aa1
2833	2911	10	169	4.2	BT_Cry61Aa1
2931	3035	10	169	6.7	BT_Cry61Aa1
3063	3120	4	169	2.2	BT_Cry61Aa1
3121	3160	10	169	0.6	BT_Cry61Aa1
3161	3233	4	169	3.6	BT_Cry61Aa1
3379	3462	28	169	2.4	BT_Cry61Aa1
3973	4008	23	169	0.3	BT_Cry61Aa1
4049	4224	10	169	13.6	BT_Cry61Aa1
4225	4270	25	169	1.2	BT_Cry61Aa1
4271	4335	21	169	5.4	BT_Cry61Aa1
1231	1297	5	170	4.3	BT_Cry62Aa1
1298	1440	14	170	13.0	BT_Cry62Aa1
2155	2196	6	170	1.6	BT_Cry62Aa1
2434	2597	18	170	8.0	BT_Cry62Aa1
2627	2677	30	170	2.5	BT_Cry62Aa1
2803	2938	6	170	12.2	BT_Cry62Aa1
2939	3239	30	170	17.9	BT_Cry62Aa1
3353	3382	28	170	0.4	BT_Cry62Aa1
3752	3850	27	170	7.9	BT_Cry62Aa1
4056	4134	14	170	5.6	BT_Cry62Aa1
4135	4171	27	170	1.1	BT_Cry62Aa1
4301	4310	21	170	3.3	BT_Cry62Aa1
4319	4403	8	170	5.7	BT_Cry62Aa1
4404	4542	28	170	12.5	BT_Cry62Aa1
4543	4681	18	170	12.5	BT_Cry62Aa1
82	196	30	171	1.5	BT_Cry63Aa1
197	280	29	171	0.1	BT_Cry63Aa1
814	837	2	171	26.6	BT_Cry63Aa1
874	877	2	171	2.6	BT_Cry63Aa1
1527	1548	23	171	28.6	BT_Cry63Aa1
1606	1609	23	171	2.6	BT_Cry63Aa1
1694	1694	15	171	2.2	BT_Cry63Aa1
1772	2065	30	171	13.4	BT_Cry63Aa1
2066	2068	18	171	0.6	BT_Cry63Aa1
2069	2074	30	171	15.5	BT_Cry63Aa1
2075	2099	21	171	3.2	BT_Cry63Aa1
2100	2113	14	171	4.8	BT_Cry63Aa1
2114	2132	15	171	1.3	BT_Cry63Aa1
2402	2526	27	171	1.9	BT_Cry63Aa1
2635	3198	29	171	22.2	BT_Cry63Aa1
3199	3324	15	171	3.1	BT_Cry63Aa1
3656	3908	30	171	4.3	BT_Cry63Aa1
4131	4139	16	171	2.4	BT_Cry63Aa1
4703	4835	18	171	2.3	BT_Cry63Aa1
4971	5083	15	171	1.4	BT_Cry63Aa1
1	448	30	172	14.7	BT_Cry65Aa2
556	594	28	172	27.4	BT_Cry65Aa2
595	1156	30	172	65.1	BT_Cry65Aa2
1212	1326	3	172	1.2	BT_Cry65Aa2
1327	1508	26	172	4.1	BT_Cry65Aa2
1518	1530	16	172	7.9	BT_Cry65Aa2
1531	1541	30	172	16.0	BT_Cry65Aa2
1542	2059	28	172	22.9	BT_Cry65Aa2
2060	2074	14	172	15.4	BT_Cry65Aa2
2075	2103	26	172	8.0	BT_Cry65Aa2
2104	2104	28	172	2.3	BT_Cry65Aa2
2208	2256	16	172	6.3	BT_Cry65Aa2
2257	2275	18	172	18.3	BT_Cry65Aa2
2600	2928	2	172	10.5	BT_Cry65Aa2
3004	3185	2	172	4.1	BT_Cry65Aa2
3331	3443	12	172	1.1	BT_Cry65Aa2
3444	3482	11	172	22.2	BT_Cry65Aa2
3483	3549	3	172	2.0	BT_Cry65Aa2
3676	3728	3	172	7.1	BT_Cry65Aa2
4873	5007	15	172	2.1	BT_Cry65Aa2
1	112	14	173	6.1	BT_Cry67Aa2
113	167	27	173	1.3	BT_Cry67Aa2
1097	1161	17	173	15.9	BT_Cry67Aa2
2417	2487	27	173	2.6	BT_Cry67Aa2
3731	3756	9	173	0.6	BT_Cry67Aa2
3757	3840	10	173	3.7	BT_Cry67Aa2
3841	3875	30	173	10.0	BT_Cry67Aa2
3960	4090	1	173	7.7	BT_Cry67Aa2
4511	4584	11	173	2.8	BT_Cry67Aa2
4730	4772	14	173	0.4	BT_Cry67Aa2
4803	4841	13	173	0.1	BT_Cry67Aa2
4873	4991	28	173	6.7	BT_Cry67Aa2
2258	2289	9	175	5.6	BT_Cry69Aa1
2299	2381	15	175	4.0	BT_Cry69Aa1
2386	2422	8	175	0.1	BT_Cry69Aa1
2423	2547	11	175	7.7	BT_Cry69Aa1
2258	2259	5	176	0.7	BT_Cry69Ab1
2260	2264	9	176	3.2	BT_Cry69Ab1
2392	2456	25	176	2.3	BT_Cry69Ab1
2457	2513	21	176	1.6	BT_Cry69Ab1
3801	3871	30	180	0.0	BT_Cry71Aa1
4601	4645	20	180	0.4	BT_Cry71Aa1
1542	1563	18	181	2.6	BT_Cry72Aa1
1564	1565	17	181	0.6	BT_Cry72Aa1
1566	1600	21	181	7.7	BT_Cry72Aa1
2648	2703	21	181	1.7	BT_Cry72Aa1
2704	2774	20	181	3.0	BT_Cry72Aa1
2775	2812	14	181	0.2	BT_Cry72Aa1
2813	2901	4	181	4.6	BT_Cry72Aa1
2911	3025	28	181	7.0	BT_Cry72Aa1
3026	3134	20	181	6.4	BT_Cry72Aa1
3835	3873	28	181	7.8	BT_Cry72Aa1
4571	4645	20	181	3.3	BT_Cry72Aa1
4397	4582	14	186	0.3	BT_Cry7Ac1
5026	5076	14	186	1.1	BT_Cry7Ac1
218	273	13	187	17.0	BT_Cry7Ba1
3857	4028	13	187	8.6	BT_Cry7Ba1
4029	4338	29	187	18.6	BT_Cry7Ba1
4339	4489	13	187	7.1	BT_Cry7Ba1
4490	5106	29	187	2.1	BT_Cry7Ba1
217	577	29	188	10.2	BT_Cry7Bb1
2226	2241	29	188	28.8	BT_Cry7Bb1
5048	5102	24	189	0.3	BT_Cry7Cb1
1	65	25	190	2.0	BT_Cry7Da1
1514	1540	21	190	6.1	BT_Cry7Da1
1541	1596	25	190	19.7	BT_Cry7Da1
1597	1685	12	190	0.9	BT_Cry7Da1
1790	1816	13	190	12.0	BT_Cry7Da1
1985	2043	26	190	1.6	BT_Cry7Da1
2044	2098	21	190	5.4	BT_Cry7Da1
2243	2268	24	190	25.8	BT_Cry7Da1
2310	2357	12	190	0.7	BT_Cry7Da1
2358	2437	25	190	3.3	BT_Cry7Da1
2983	3029	18	190	0.6	BT_Cry7Da1
3030	3103	27	190	2.8	BT_Cry7Da1
3104	3167	7	190	2.0	BT_Cry7Da1
3536	3551	27	190	0.4	BT_Cry7Da1
4479	5031	14	190	16.8	BT_Cry7Da1
4053	4159	2	191	5.8	BT_Cry7Fa1
4165	4204	4	191	0.2	BT_Cry7Fa1
4205	4270	13	191	2.3	BT_Cry7Fa1
4271	4304	21	191	0.2	BT_Cry7Fa1
4478	4584	13	191	5.8	BT_Cry7Fa1
4585	4632	4	191	0.8	BT_Cry7Fa1
287	1088	29	195	79.5	BT_Cry7Gd1
262	404	10	196	30.9	BT_Cry7Ha1
493	514	22	196	3.2	BT_Cry7Ha1
543	582	14	196	18.2	BT_Cry7Ha1
583	740	27	196	39.6	BT_Cry7Ha1
741	780	22	196	35.9	BT_Cry7Ha1
781	783	27	196	5.0	BT_Cry7Ha1
784	806	10	196	30.2	BT_Cry7Ha1
807	835	14	196	47.9	BT_Cry7Ha1
836	840	19	196	7.1	BT_Cry7Ha1
841	843	30	196	9.8	BT_Cry7Ha1
1006	1015	14	196	7.2	BT_Cry7Ha1
1016	1030	15	196	11.1	BT_Cry7Ha1
1031	1116	14	196	18.2	BT_Cry7Ha1
1117	1338	13	196	0.4	BT_Cry7Ha1
1496	2461	13	196	50.7	BT_Cry7Ha1
3458	3668	13	196	31.8	BT_Cry7Ha1
3669	4840	14	196	18.4	BT_Cry7Ha1
253	316	14	197	36.6	BT_Cry7Ia1
592	714	7	197	17.1	BT_Cry7Ia1
715	768	26	197	8.9	BT_Cry7Ia1
769	836	14	197	55.1	BT_Cry7Ia1
850	1155	14	197	1.7	BT_Cry7Ia1
1156	1158	5	197	3.2	BT_Cry7Ia1
2012	2076	25	197	1.4	BT_Cry7Ia1
2242	2244	30	197	7.1	BT_Cry7Ia1
2253	2254	30	197	4.5	BT_Cry7Ia1
2255	2314	25	197	9.1	BT_Cry7Ia1
3011	3185	25	197	5.3	BT_Cry7Ia1
3298	3346	26	197	10.2	BT_Cry7Ia1
3514	3550	27	197	4.7	BT_Cry7Ia1
3646	3875	14	197	7.9	BT_Cry7Ia1
3876	3931	13	197	3.9	BT_Cry7Ia1
4897	5049	26	197	4.1	BT_Cry7Ia1
1	53	25	198	2.3	BT_Cry7Ja1
77	125	10	198	1.9	BT_Cry7Ja1
1883	1915	27	198	0.4	BT_Cry7Ja1
2785	2919	27	198	10.9	BT_Cry7Ja1
2920	2994	28	198	4.5	BT_Cry7Ja1
3000	3081	25	198	5.2	BT_Cry7Ja1
3894	4017	25	198	1.0	BT_Cry7Ja1
4036	4204	21	198	14.6	BT_Cry7Ja1
4460	4513	28	198	2.4	BT_Cry7Ja1
4514	4704	25	198	1.6	BT_Cry7Ja1
4705	4707	7	198	5.2	BT_Cry7Ja1
4708	4709	21	198	3.3	BT_Cry7Ja1
123	625	29	199	38.4	BT_Cry7Ka1
973	983	7	199	11.8	BT_Cry7Ka1
1014	1020	7	199	0.9	BT_Cry7Ka1
1021	1168	29	199	29.7	BT_Cry7Ka1
282	282	25	200	2.1	BT_Cry7Kb1
283	306	19	200	9.0	BT_Cry7Kb1
307	335	26	200	7.1	BT_Cry7Kb1
336	602	27	200	9.4	BT_Cry7Kb1
968	1013	29	200	11.3	BT_Cry7Kb1
1076	1184	29	200	27.7	BT_Cry7Kb1
3712	3725	14	200	12.2	BT_Cry7Kb1
1	65	12	201	1.7	BT_Cry7La1
268	284	30	201	9.6	BT_Cry7La1
285	297	23	201	10.1	BT_Cry7La1
494	585	6	201	6.9	BT_Cry7La1
2811	2891	16	201	3.0	BT_Cry7La1
3723	3783	15	201	1.3	BT_Cry7La1
3784	3879	30	201	0.6	BT_Cry7La1
4300	4344	14	201	3.0	BT_Cry7La1
4423	4501	24	201	2.8	BT_Cry7La1
4502	4650	26	201	8.5	BT_Cry7La1
489	611	24	202	18.4	BT_Cry8Aa1
2381	2431	21	202	2.1	BT_Cry8Aa1
4733	4752	7	202	0.0	BT_Cry8Aa1
4753	4922	21	202	3.1	BT_Cry8Aa1
489	614	24	203	19.1	BT_Cry8Ab1
4540	4586	24	203	3.8	BT_Cry8Ab1
4733	4894	29	203	1.0	BT_Cry8Ab1
494	614	24	204	16.1	BT_Cry8Ac1
3898	4316	29	204	1.5	BT_Cry8Ac1
4672	4896	29	204	0.5	BT_Cry8Ac1
4897	4992	14	204	7.8	BT_Cry8Ac1
489	614	24	205	21.8	BT_Cry8Ad1
2410	2428	21	205	11.3	BT_Cry8Ad1
2781	3076	29	205	0.7	BT_Cry8Ad1
3652	3656	18	206	5.8	BT_Cry8Ba1
4291	4406	29	206	5.5	BT_Cry8Ba1
4629	4662	18	206	1.8	BT_Cry8Ba1
3347	3383	29	207	1.0	BT_Cry8Bc1
4883	4996	14	207	9.4	BT_Cry8Bc1
1	53	4	208	2.4	BT_Cry8Ca1
1099	1495	25	208	1.5	BT_Cry8Ca1
2416	2466	27	208	2.2	BT_Cry8Ca1
2467	2513	14	208	1.8	BT_Cry8Ca1
2896	2983	17	208	6.0	BT_Cry8Ca1
2984	3074	25	208	6.4	BT_Cry8Ca1
3075	3105	28	208	0.3	BT_Cry8Ca1
3733	4869	25	208	8.7	BT_Cry8Ca1
489	612	24	209	24.2	BT_Cry8Da1
489	612	24	210	21.0	BT_Cry8Db1
4297	4371	14	210	2.3	BT_Cry8Db1
2408	2436	29	211	12.3	BT_Cry8Ea2
3814	3867	29	211	11.2	BT_Cry8Ea2
3868	3870	30	211	5.1	BT_Cry8Ea2
4629	4663	23	211	4.5	BT_Cry8Ea2
4861	4996	24	211	11.7	BT_Cry8Ea2
1	64	14	212	1.6	BT_Cry8Fa2
580	616	24	212	46.1	BT_Cry8Fa2
617	785	25	212	5.6	BT_Cry8Fa2
786	795	27	212	4.7	BT_Cry8Fa2
796	824	24	212	21.1	BT_Cry8Fa2
1922	1975	24	212	0.9	BT_Cry8Fa2
2830	3069	25	212	15.8	BT_Cry8Fa2
1	165	4	213	6.5	BT_Cry8Ga1
221	252	25	213	27.0	BT_Cry8Ga1
253	646	4	213	22.0	BT_Cry8Ga1
647	759	26	213	0.7	BT_Cry8Ga1
760	1086	4	213	11.9	BT_Cry8Ga1
1087	1096	10	213	8.3	BT_Cry8Ga1
1097	1736	25	213	3.7	BT_Cry8Ga1
1737	1842	14	213	9.5	BT_Cry8Ga1
1843	1994	4	213	5.7	BT_Cry8Ga1
1995	2085	14	213	2.9	BT_Cry8Ga1
2175	2273	21	213	12.2	BT_Cry8Ga1
2296	2409	14	213	3.4	BT_Cry8Ga1
2414	2641	4	213	1.5	BT_Cry8Ga1
2657	2849	4	213	8.3	BT_Cry8Ga1
2898	3431	4	213	0.1	BT_Cry8Ga1
4095	4171	27	213	1.2	BT_Cry8Ga1
1	66	5	216	2.9	BT_Cry8Ia3
1824	1831	4	216	8.3	BT_Cry8Ia3
2510	2553	25	216	1.0	BT_Cry8Ia3
2588	2754	4	216	12.7	BT_Cry8Ia3
2839	2897	28	216	2.3	BT_Cry8Ia3
2898	3026	18	216	8.9	BT_Cry8Ia3
3136	3173	14	216	0.4	BT_Cry8Ia3
1	66	5	217	2.9	BT_Cry8Ib1
1757	1835	4	217	8.4	BT_Cry8Ib1
2618	2755	4	217	9.8	BT_Cry8Ib1
2764	2838	4	217	3.7	BT_Cry8Ib1
2839	2885	28	217	1.2	BT_Cry8Ib1
2886	3156	4	217	22.9	BT_Cry8Ib1
3157	3215	14	217	2.3	BT_Cry8Ib1
2408	2436	29	218	11.2	BT_Cry8Ja1
4813	5079	29	218	29.7	BT_Cry8Ja1
3740	5024	25	221	117.6	BT_Cry8Kb1
268	418	18	222	6.1	BT_Cry8La1
490	496	25	222	4.8	BT_Cry8La1
528	581	4	222	1.1	BT_Cry8La1
582	590	8	222	15.9	BT_Cry8La1
591	604	27	222	10.1	BT_Cry8La1
605	611	4	222	7.7	BT_Cry8La1
612	612	12	222	1.9	BT_Cry8La1
823	839	7	222	16.1	BT_Cry8La1
883	955	4	222	1.6	BT_Cry8La1
4293	4302	25	222	7.8	BT_Cry8La1
568	714	4	223	23.0	BT_Cry8Na1
715	769	14	223	2.9	BT_Cry8Na1
770	1092	4	223	9.6	BT_Cry8Na1
3025	3075	21	223	0.3	BT_Cry8Na1
1	85	26	225	3.1	BT_Cry8Qa1
506	548	25	225	0.0	BT_Cry8Qa1
565	796	25	225	43.8	BT_Cry8Qa1
797	806	21	225	10.2	BT_Cry8Qa1
807	825	24	225	13.4	BT_Cry8Qa1
1059	1120	15	225	10.1	BT_Cry8Qa1
1121	1180	4	225	2.7	BT_Cry8Qa1
2358	2406	25	225	0.4	BT_Cry8Qa1
2792	2888	21	225	4.0	BT_Cry8Qa1
2913	2963	25	225	0.6	BT_Cry8Qa1
3863	3952	7	225	5.3	BT_Cry8Qa1
3953	4100	17	225	8.0	BT_Cry8Qa1
4644	5049	25	225	8.2	BT_Cry8Qa1
517	615	24	226	22.3	BT_Cry8Ra1
1316	1481	27	226	5.9	BT_Cry8Ra1
1977	1977	29	226	1.5	BT_Cry8Ra1
1978	2077	21	226	2.8	BT_Cry8Ra1
2078	2123	29	226	14.8	BT_Cry8Ra1
2256	2537	29	226	1.5	BT_Cry8Ra1
3126	3153	21	226	0.0	BT_Cry8Ra1
4359	4410	4	226	4.9	BT_Cry8Ra1
4536	4583	26	226	7.4	BT_Cry8Ra1
4733	4925	26	226	3.1	BT_Cry8Ra1
1084	1116	25	227	17.2	BT_Cry8Sa1
1117	1145	22	227	15.2	BT_Cry8Sa1
1184	1248	3	227	2.1	BT_Cry8Sa1
2949	3077	25	227	7.6	BT_Cry8Sa1
4133	4222	25	227	4.2	BT_Cry8Sa1
1	79	25	228	2.7	BT_Cry8Ta1
494	598	24	228	4.8	BT_Cry8Ta1
1091	1181	25	228	19.8	BT_Cry8Ta1
1358	1478	10	228	5.9	BT_Cry8Ta1
1479	1808	25	228	13.3	BT_Cry8Ta1
1809	1855	21	228	5.2	BT_Cry8Ta1
1864	1928	25	228	1.6	BT_Cry8Ta1
1988	2267	25	228	5.0	BT_Cry8Ta1
2405	2531	25	228	6.4	BT_Cry8Ta1
2577	2628	27	228	0.7	BT_Cry8Ta1
2629	2993	25	228	25.3	BT_Cry8Ta1
3284	3351	21	228	3.4	BT_Cry8Ta1
3352	3406	26	228	0.9	BT_Cry8Ta1
3407	3543	25	228	4.3	BT_Cry8Ta1
4560	4645	25	228	3.2	BT_Cry8Ta1
3641	4083	26	229	3.3	BT_Cry9Aa1
4340	4413	24	229	3.4	BT_Cry9Aa1
1	90	29	230	15.1	BT_Cry9Ba1
1826	1852	26	230	11.7	BT_Cry9Ba1
1853	1872	12	230	9.3	BT_Cry9Ba1
2179	2230	17	230	1.2	BT_Cry9Ba1
2376	2568	25	230	12.4	BT_Cry9Ba1
2929	2984	25	230	1.5	BT_Cry9Ba1
4389	4434	26	230	0.2	BT_Cry9Ba1
1	88	29	231	10.8	BT_Cry9Bb1
1827	1836	29	231	20.6	BT_Cry9Bb1
1837	1872	22	231	7.2	BT_Cry9Bb1
2516	2527	4	231	13.1	BT_Cry9Bb1
3815	3857	11	231	13.1	BT_Cry9Bb1
4398	4543	29	231	2.2	BT_Cry9Bb1
4544	4579	26	231	2.8	BT_Cry9Bb1
4814	4856	25	231	1.4	BT_Cry9Bb1
186	1126	25	232	26.3	BT_Cry9Ca1
1554	1568	25	232	5.3	BT_Cry9Ca1
2097	2272	29	233	7.7	BT_Cry9Da1
2433	2875	29	233	9.0	BT_Cry9Da1
4523	4575	26	236	0.6	BT_Cry9Ea10
4631	4631	26	236	1.6	BT_Cry9Ea10
4632	4884	29	236	5.4	BT_Cry9Ea10
2760	2768	28	237	4.8	BT_Cry9Eb1
4845	4992	26	238	1.6	BT_Cry9Ec1
3816	3857	27	240	14.6	BT_Cry9Ee1
3147	3198	1	241	2.1	BT_Cry9Fa1
3199	3242	29	241	1.3	BT_Cry9Fa1
3458	3467	22	241	8.6	BT_Cry9Fa1
3813	3834	17	241	5.1	BT_Cry9Fa1
4572	4609	15	241	6.9	BT_Cry9Fa1
4610	5069	26	241	3.9	BT_Cry9Fa1
4822	5065	22	242	0.6	BT_Cry9Ga1
3827	3913	28	248	2.1	NOV_Cry13Aa1_50.1_ANS46780.1
4617	4643	28	248	5.2	NOV_Cry13Aa1_50.1_ANS46780.1
4853	5032	28	248	0.2	NOV_Cry13Aa1_50.1_ANS46780.1
587	616	29	249	21.8	NOV_Cry14Aa1_41.1_PGW46198.1
2622	2639	28	250	8.2	NOV_Cry14Aa1_44.0_PGW42274.1
1	197	28	253	16.8	NOV_Cry19Aa1_29.2_PEA88281.1
1779	1801	9	253	1.8	NOV_Cry19Aa1_29.2_PEA88281.1
2408	2461	1	253	2.2	NOV_Cry19Aa1_29.2_PEA88281.1
2462	2622	19	253	2.1	NOV_Cry19Aa1_29.2_PEA88281.1
2623	2662	27	253	0.9	NOV_Cry19Aa1_29.2_PEA88281.1
2873	2995	27	253	9.1	NOV_Cry19Aa1_29.2_PEA88281.1
2996	3073	6	253	4.5	NOV_Cry19Aa1_29.2_PEA88281.1
3074	3240	18	253	8.5	NOV_Cry19Aa1_29.2_PEA88281.1
3980	4013	28	253	0.3	NOV_Cry19Aa1_29.2_PEA88281.1
4014	4106	27	253	6.0	NOV_Cry19Aa1_29.2_PEA88281.1
4629	4673	25	253	1.3	NOV_Cry19Aa1_29.2_PEA88281.1
797	1022	30	255	18.2	NOV_Cry1Ab12_91.4_AAK14338.1
4883	5073	24	257	8.3	NOV_Cry1Ac23_90.7_CAQ03747.1
1	1019	26	258	38.8	NOV_Cry1Ad2_87.7_AIW52617.1
224	656	22	259	13.8	NOV_Cry1Da1_83.2_AIW52615.1
823	1034	22	259	4.0	NOV_Cry1Da1_83.2_AIW52615.1
1	1135	22	261	37.0	NOV_Cry1Ea10_93.2_AAX86871.1
3638	3756	24	261	0.3	NOV_Cry1Ea10_93.2_AAX86871.1
1	47	14	262	2.2	NOV_Cry1Ga1_77.9_AX098669.1
1	44	8	263	1.7	NOV_Cry1Ha1_85.7_AIW52616.1
1	89	18	264	1.3	NOV_Cry1Ia24_22.2_CAP40039.1
608	761	6	264	2.5	NOV_Cry1Ia24_22.2_CAP40039.1
818	837	29	264	28.6	NOV_Cry1Ia24_22.2_CAP40039.1
838	891	11	264	3.8	NOV_Cry1Ia24_22.2_CAP40039.1
1476	1525	5	264	1.9	NOV_Cry1Ia24_22.2_CAP40039.1
1791	1821	16	264	24.5	NOV_Cry1Ia24_22.2_CAP40039.1
1822	1920	29	264	0.5	NOV_Cry1Ia24_22.2_CAP40039.1
1950	2023	27	264	18.2	NOV_Cry1Ia24_22.2_CAP40039.1
2024	2082	30	264	28.2	NOV_Cry1Ia24_22.2_CAP40039.1
2083	2158	29	264	6.6	NOV_Cry1Ia24_22.2_CAP40039.1
2159	2298	27	264	4.0	NOV_Cry1Ia24_22.2_CAP40039.1
2606	2798	29	264	7.0	NOV_Cry1Ia24_22.2_CAP40039.1
2799	2935	30	264	3.9	NOV_Cry1Ia24_22.2_CAP40039.1
2936	3060	29	264	3.2	NOV_Cry1Ia24_22.2_CAP40039.1
3959	4031	30	264	0.4	NOV_Cry1Ia24_22.2_CAP40039.1
381	550	30	265	4.7	NOV_Cry1Ie2_23.3_ATF15267.1
781	868	29	265	49.2	NOV_Cry1Ie2_23.3_ATF15267.1
869	883	27	265	6.3	NOV_Cry1Ie2_23.3_ATF15267.1
1447	1473	22	265	0.9	NOV_Cry1Ie2_23.3_ATF15267.1
1474	1541	30	265	14.4	NOV_Cry1Ie2_23.3_ATF15267.1
1685	1825	16	265	11.7	NOV_Cry1Ie2_23.3_ATF15267.1
1826	1856	29	265	0.3	NOV_Cry1Ie2_23.3_ATF15267.1
1868	2068	30	265	2.3	NOV_Cry1Ie2_23.3_ATF15267.1
2095	2103	14	265	2.2	NOV_Cry1Ie2_23.3_ATF15267.1
2104	2122	11	265	17.4	NOV_Cry1Ie2_23.3_ATF15267.1
2123	2293	27	265	4.8	NOV_Cry1Ie2_23.3_ATF15267.1
2768	3071	5	265	11.6	NOV_Cry1Ie2_23.3_ATF15267.1
4891	4993	29	265	1.4	NOV_Cry1Ie2_23.3_ATF15267.1
809	825	29	268	23.4	NOV_Cry21Aa2_44.6_AZR80772.1
826	858	27	268	6.5	NOV_Cry21Aa2_44.6_AZR80772.1
1022	1317	30	268	5.2	NOV_Cry21Aa2_44.6_AZR80772.1
1644	1646	22	268	3.4	NOV_Cry21Aa2_44.6_AZR80772.1
1777	1812	18	268	11.6	NOV_Cry21Aa2_44.6_AZR80772.1
1813	1835	30	268	38.5	NOV_Cry21Aa2_44.6_AZR80772.1
1836	1856	12	268	2.4	NOV_Cry21Aa2_44.6_AZR80772.1
2062	2198	30	268	19.4	NOV_Cry21Aa2_44.6_AZR80772.1
2415	2796	29	268	14.3	NOV_Cry21Aa2_44.6_AZR80772.1
3237	3460	30	268	0.3	NOV_Cry21Aa2_44.6_AZR80772.1
3715	3772	30	268	20.6	NOV_Cry21Aa2_44.6_AZR80772.1
1	105	30	269	4.6	NOV_Cry21Ba1_28.9_PEZ39117.1
106	152	13	269	0.3	NOV_Cry21Ba1_28.9_PEZ39117.1
177	226	29	269	0.5	NOV_Cry21Ba1_28.9_PEZ39117.1
311	423	6	269	5.2	NOV_Cry21Ba1_28.9_PEZ39117.1
424	648	29	269	11.1	NOV_Cry21Ba1_28.9_PEZ39117.1
809	818	5	269	7.3	NOV_Cry21Ba1_28.9_PEZ39117.1
819	878	30	269	9.2	NOV_Cry21Ba1_28.9_PEZ39117.1
1116	1124	17	269	5.5	NOV_Cry21Ba1_28.9_PEZ39117.1
1826	1832	30	269	10.8	NOV_Cry21Ba1_28.9_PEZ39117.1
1833	2007	29	269	0.2	NOV_Cry21Ba1_28.9_PEZ39117.1
2606	2703	29	269	4.1	NOV_Cry21Ba1_28.9_PEZ39117.1
2708	3131	29	269	29.7	NOV_Cry21Ba1_28.9_PEZ39117.1
3132	3289	16	269	4.2	NOV_Cry21Ba1_28.9_PEZ39117.1
3290	3374	30	269	0.4	NOV_Cry21Ba1_28.9_PEZ39117.1
3401	3468	29	269	1.8	NOV_Cry21Ba1_28.9_PEZ39117.1
336	448	16	270	4.1	NOV_Cry21Ca1_38.9_AEH76823.1
2460	2533	16	270	1.5	NOV_Cry21Ca1_38.9_AEH76823.1
2737	2876	27	270	5.9	NOV_Cry21Ca1_38.9_AEH76823.1
2877	3029	2	270	6.8	NOV_Cry21Ca1_38.9_AEH76823.1
3565	3577	30	270	8.4	NOV_Cry21Ca1_38.9_AEH76823.1
3578	3652	11	270	1.5	NOV_Cry21Ca1_38.9_AEH76823.1
338	451	24	271	3.8	NOV_Cry21Ca2_37.1_AOM14729.1
2738	3042	29	271	16.8	NOV_Cry21Ca2_37.1_AOM14729.1
2740	3024	29	274	14.0	NOV_Cry21Fa1_31.0_OTW70091.1
2728	2905	29	275	6.9	NOV_Cry21Fa1_47.3_OTY57628.1
2906	3024	2	275	3.3	NOV_Cry21Fa1_47.3_OTY57628.1
1	123	22	276	6.5	NOV_Cry24Aa1_60.8_BAD32657.1
144	185	25	276	0.1	NOV_Cry24Aa1_60.8_BAD32657.1
208	230	27	276	0.2	NOV_Cry24Aa1_60.8_BAD32657.1
231	252	30	276	31.5	NOV_Cry24Aa1_60.8_BAD32657.1
253	271	11	276	1.0	NOV_Cry24Aa1_60.8_BAD32657.1
773	956	17	276	8.6	NOV_Cry24Aa1_60.8_BAD32657.1
4458	4731	17	276	1.3	NOV_Cry24Aa1_60.8_BAD32657.1
4784	4843	26	276	1.5	NOV_Cry24Aa1_60.8_BAD32657.1
1	152	9	277	8.8	NOV_Cry24Aa1_98.3_WP_086403584.1
207	230	27	277	0.0	NOV_Cry24Aa1_98.3_WP_086403584.1
231	252	30	277	35.5	NOV_Cry24Aa1_98.3_WP_086403584.1
777	842	17	277	39.2	NOV_Cry24Aa1_98.3_WP_086403584.1
843	936	18	277	4.1	NOV_Cry24Aa1_98.3_WP_086403584.1
4572	4630	8	277	1.3	NOV_Cry24Aa1_98.3_WP_086403584.1
933	964	28	278	0.2	NOV_Cry25Aa1_97.8_OUB78400.1
2402	2446	27	278	1.4	NOV_Cry25Aa1_97.8_OUB78400.1
2476	2604	21	278	0.2	NOV_Cry25Aa1_97.8_OUB78400.1
2684	2868	30	278	15.9	NOV_Cry25Aa1_97.8_OUB78400.1
2869	3103	1	278	21.1	NOV_Cry25Aa1_97.8_OUB78400.1
3104	3161	22	278	2.6	NOV_Cry25Aa1_97.8_OUB78400.1
3321	3333	1	278	2.2	NOV_Cry25Aa1_97.8_OUB78400.1
3650	3683	2	278	0.4	NOV_Cry25Aa1_97.8_OUB78400.1
3730	3753	9	278	0.3	NOV_Cry25Aa1_97.8_OUB78400.1
4191	4229	11	278	0.8	NOV_Cry25Aa1_97.8_OUB78400.1
4751	4790	19	278	0.9	NOV_Cry25Aa1_97.8_OUB78400.1
4791	4857	30	278	3.5	NOV_Cry25Aa1_97.8_OUB78400.1
4858	4996	15	278	11.0	NOV_Cry25Aa1_97.8_OUB78400.1
4997	5029	30	278	0.3	NOV_Cry25Aa1_97.8_OUB78400.1
1	83	9	279	3.2	NOV_Cry27Aa1_80.8_AGV55018.1
102	152	28	279	0.7	NOV_Cry27Aa1_80.8_AGV55018.1
978	1026	9	279	0.2	NOV_Cry27Aa1_80.8_AGV55018.1
1484	1531	30	279	7.7	NOV_Cry27Aa1_80.8_AGV55018.1
1532	1540	18	279	1.1	NOV_Cry27Aa1_80.8_AGV55018.1
1793	1798	9	279	2.6	NOV_Cry27Aa1_80.8_AGV55018.1
1	78	9	280	2.8	NOV_Cry29Aa1_96.4_OUC03129.1
807	821	9	280	17.0	NOV_Cry29Aa1_96.4_OUC03129.1
3605	3640	30	283	29.6	NOV_Cry2Ak1_76.8_AX513524.1
637	858	29	284	66.9	NOV_Cry2Ba1_29.9_AEX63666.1
859	950	21	284	0.8	NOV_Cry2Ba1_29.9_AEX63666.1
997	1051	29	284	19.6	NOV_Cry2Ba1_29.9_AEX63666.1
1519	1530	2	284	21.1	NOV_Cry2Ba1_29.9_AEX63666.1
1531	1548	18	284	23.7	NOV_Cry2Ba1_29.9_AEX63666.1
1549	1566	23	284	16.4	NOV_Cry2Ba1_29.9_AEX63666.1
1601	1612	2	284	25.6	NOV_Cry2Ba1_29.9_AEX63666.1
1630	1701	19	284	0.9	NOV_Cry2Ba1_29.9_AEX63666.1
1702	2288	30	284	89.8	NOV_Cry2Ba1_29.9_AEX63666.1
3241	3242	9	284	2.0	NOV_Cry2Ba1_29.9_AEX63666.1
3243	3412	2	284	4.5	NOV_Cry2Ba1_29.9_AEX63666.1
3413	3532	11	284	5.6	NOV_Cry2Ba1_29.9_AEX63666.1
3533	3538	30	284	6.4	NOV_Cry2Ba1_29.9_AEX63666.1
3539	3600	12	284	3.3	NOV_Cry2Ba1_29.9_AEX63666.1
3601	3801	30	284	11.6	NOV_Cry2Ba1_29.9_AEX63666.1
3833	3962	2	284	16.1	NOV_Cry2Ba1_29.9_AEX63666.1
4223	4270	17	284	7.2	NOV_Cry2Ba1_29.9_AEX63666.1
3763	4720	29	285	4.0	NOV_Cry30Ca1_66.6_BAD00052.1
5006	5063	29	285	1.4	NOV_Cry30Ca1_66.6_BAD00052.1
4223	4475	29	286	17.3	NOV_Cry30Ga2_64.5_ARJ25665.1
4476	4580	11	286	1.3	NOV_Cry30Ga2_64.5_ARJ25665.1
4599	5075	29	286	16.1	NOV_Cry30Ga2_64.5_ARJ25665.1
223	306	29	287	41.0	NOV_Cry32Ea2_41.9_AQM56938.1
413	1090	29	287	21.2	NOV_Cry32Ea2_41.9_AQM56938.1
1829	1876	20	287	0.9	NOV_Cry32Ea2_41.9_AQM56938.1
2313	2388	29	287	10.3	NOV_Cry32Ea2_41.9_AQM56938.1
2389	2410	30	287	1.3	NOV_Cry32Ea2_41.9_AQM56938.1
2775	2830	30	287	1.6	NOV_Cry32Ea2_41.9_AQM56938.1
3347	3460	6	287	4.1	NOV_Cry32Ea2_41.9_AQM56938.1
4182	4242	29	287	2.0	NOV_Cry32Ea2_41.9_AQM56938.1
4419	4507	15	287	4.4	NOV_Cry32Ea2_41.9_AQM56938.1
2034	2037	12	288	1.0	NOV_Cry32Ea2_45.2_WP_087949412.1
2198	2871	29	288	2.4	NOV_Cry32Ea2_45.2_WP_087949412.1
2872	2902	22	288	0.7	NOV_Cry32Ea2_45.2_WP_087949412.1
3898	4270	29	288	16.8	NOV_Cry32Ea2_45.2_WP_087949412.1
4435	4496	30	288	4.2	NOV_Cry32Ea2_45.2_WP_087949412.1
4730	4996	28	288	4.4	NOV_Cry32Ea2_45.2_WP_087949412.1
1833	1887	29	289	3.4	NOV_Cry32Hb1_41.4_AQX37181.1
1888	1952	30	289	4.6	NOV_Cry32Hb1_41.4_AQX37181.1
2634	2658	30	289	0.5	NOV_Cry32Hb1_41.4_AQX37181.1
2800	3039	13	289	26.2	NOV_Cry32Hb1_41.4_AQX37181.1
4157	4742	29	289	9.3	NOV_Cry32Hb1_41.4_AQX37181.1
4743	4966	30	289	1.7	NOV_Cry32Hb1_41.4_AQX37181.1
1	50	15	290	1.8	NOV_Cry32Ma1_57.7_AXY11484.1
592	698	8	290	2.5	NOV_Cry32Ma1_57.7_AXY11484.1
1124	1160	8	290	1.9	NOV_Cry32Ma1_57.7_AXY11484.1
1161	1190	18	290	0.0	NOV_Cry32Ma1_57.7_AXY11484.1
1322	1455	6	290	10.3	NOV_Cry32Ma1_57.7_AXY11484.1
1717	1732	8	290	1.1	NOV_Cry32Ma1_57.7_AXY11484.1
2514	2657	18	290	3.2	NOV_Cry32Ma1_57.7_AXY11484.1
2658	2848	30	290	16.3	NOV_Cry32Ma1_57.7_AXY11484.1
2863	2938	30	290	4.4	NOV_Cry32Ma1_57.7_AXY11484.1
2939	3146	28	290	18.1	NOV_Cry32Ma1_57.7_AXY11484.1
4092	4246	10	290	12.5	NOV_Cry32Ma1_57.7_AXY11484.1
1151	1419	17	291	25.3	NOV_Cry32Ta1_48.0_AQX37180.1
1825	1830	6	291	4.3	NOV_Cry32Ta1_48.0_AQX37180.1
1839	2008	29	291	3.1	NOV_Cry32Ta1_48.0_AQX37180.1
2009	2054	6	291	2.0	NOV_Cry32Ta1_48.0_AQX37180.1
2226	2563	29	291	5.6	NOV_Cry32Ta1_48.0_AQX37180.1
2925	2955	5	291	0.2	NOV_Cry32Ta1_48.0_AQX37180.1
2956	3021	29	291	3.6	NOV_Cry32Ta1_48.0_AQX37180.1
4441	4502	28	291	3.2	NOV_Cry32Ta1_48.0_AQX37180.1
1	83	27	292	4.5	NOV_Cry32Ua1_65.2_AQM56939.1
1280	1414	6	292	9.5	NOV_Cry32Ua1_65.2_AQM56939.1
1496	1530	8	292	0.5	NOV_Cry32Ua1_65.2_AQM56939.1
1531	1555	28	292	9.8	NOV_Cry32Ua1_65.2_AQM56939.1
1556	1645	27	292	10.7	NOV_Cry32Ua1_65.2_AQM56939.1
2198	2237	30	292	0.6	NOV_Cry32Ua1_65.2_AQM56939.1
2238	2286	27	292	17.1	NOV_Cry32Ua1_65.2_AQM56939.1
2321	2440	15	292	8.0	NOV_Cry32Ua1_65.2_AQM56939.1
2441	2759	9	292	14.7	NOV_Cry32Ua1_65.2_AQM56939.1
2760	2924	5	292	12.4	NOV_Cry32Ua1_65.2_AQM56939.1
2925	3245	30	292	11.5	NOV_Cry32Ua1_65.2_AQM56939.1
4608	4690	27	292	2.3	NOV_Cry32Ua1_65.2_AQM56939.1
193	304	29	293	54.2	NOV_Cry32Va1_61.0_WP_134996253.1
489	1044	29	293	28.2	NOV_Cry32Va1_61.0_WP_134996253.1
4127	4178	26	293	0.8	NOV_Cry32Va1_61.0_WP_134996253.1
807	824	27	294	16.6	NOV_Cry32Wa1_39.0_PEE63029.1
1207	1278	8	294	4.4	NOV_Cry32Wa1_39.0_PEE63029.1
1279	1495	28	294	20.2	NOV_Cry32Wa1_39.0_PEE63029.1
1496	1659	27	294	21.1	NOV_Cry32Wa1_39.0_PEE63029.1
1851	1928	17	294	5.0	NOV_Cry32Wa1_39.0_PEE63029.1
1929	1984	3	294	2.7	NOV_Cry32Wa1_39.0_PEE63029.1
1991	2047	24	294	2.8	NOV_Cry32Wa1_39.0_PEE63029.1
2067	2069	21	294	5.1	NOV_Cry32Wa1_39.0_PEE63029.1
2070	2075	2	294	11.0	NOV_Cry32Wa1_39.0_PEE63029.1
2102	2115	21	294	0.3	NOV_Cry32Wa1_39.0_PEE63029.1
2116	2232	6	294	9.2	NOV_Cry32Wa1_39.0_PEE63029.1
2383	2596	2	294	10.0	NOV_Cry32Wa1_39.0_PEE63029.1
2597	2627	7	294	0.3	NOV_Cry32Wa1_39.0_PEE63029.1
2661	2905	2	294	23.2	NOV_Cry32Wa1_39.0_PEE63029.1
2906	3054	9	294	12.7	NOV_Cry32Wa1_39.0_PEE63029.1
3055	3099	17	294	1.6	NOV_Cry32Wa1_39.0_PEE63029.1
3100	3147	9	294	1.9	NOV_Cry32Wa1_39.0_PEE63029.1
3148	3185	11	294	0.9	NOV_Cry32Wa1_39.0_PEE63029.1
3384	3437	28	294	2.5	NOV_Cry32Wa1_39.0_PEE63029.1
3463	3547	8	294	2.5	NOV_Cry32Wa1_39.0_PEE63029.1
4065	4131	4	294	3.9	NOV_Cry32Wa1_39.0_PEE63029.1
4132	4235	27	294	7.8	NOV_Cry32Wa1_39.0_PEE63029.1
241	309	28	295	34.8	NOV_Cry3Aa12_81.9_AEZ53144.1
806	985	30	295	21.3	NOV_Cry3Aa12_81.9_AEZ53144.1
1596	1719	30	295	5.4	NOV_Cry3Aa12_81.9_AEZ53144.1
2107	2245	29	295	9.0	NOV_Cry3Aa12_81.9_AEZ53144.1
3550	4880	29	296	17.4	NOV_Cry40Aa1_67.9_CQ868314.1
4881	5034	27	296	1.5	NOV_Cry40Aa1_67.9_CQ868314.1
760	778	8	301	9.3	NOV_Cry41Ba2_42.3_BAD35166.1
779	807	11	301	21.2	NOV_Cry41Ba2_42.3_BAD35166.1
808	808	27	301	1.6	NOV_Cry41Ba2_42.3_BAD35166.1
948	980	26	301	0.0	NOV_Cry41Ba2_42.3_BAD35166.1
999	1034	18	301	3.9	NOV_Cry41Ba2_42.3_BAD35166.1
2589	2653	30	301	2.8	NOV_Cry41Ba2_42.3_BAD35166.1
2664	2867	27	301	16.1	NOV_Cry41Ba2_42.3_BAD35166.1
2868	3170	30	301	25.8	NOV_Cry41Ba2_42.3_BAD35166.1
300	323	8	302	16.5	NOV_Cry41Ba2_43.6_BAD35163.1
828	839	8	302	10.7	NOV_Cry41Ba2_43.6_BAD35163.1
2760	2810	2	302	0.9	NOV_Cry41Ba2_43.6_BAD35163.1
4077	4127	30	302	0.9	NOV_Cry41Ba2_43.6_BAD35163.1
4128	4233	4	302	5.4	NOV_Cry41Ba2_43.6_BAD35163.1
298	324	8	303	14.5	NOV_Cry41Ba2_47.9_BAD35157.1
827	842	8	303	15.5	NOV_Cry41Ba2_47.9_BAD35157.1
2760	2810	2	303	0.9	NOV_Cry41Ba2_47.9_BAD35157.1
1125	1148	10	304	2.2	NOV_Cry41Ca1_39.9_WP_001075423.1
1327	1458	21	304	8.0	NOV_Cry41Ca1_39.9_WP_001075423.1
1459	1495	11	304	0.0	NOV_Cry41Ca1_39.9_WP_001075423.1
1592	1630	27	304	5.2	NOV_Cry41Ca1_39.9_WP_001075423.1
2326	2424	27	304	5.1	NOV_Cry41Ca1_39.9_WP_001075423.1
2425	2715	25	304	10.2	NOV_Cry41Ca1_39.9_WP_001075423.1
2716	2766	28	304	1.1	NOV_Cry41Ca1_39.9_WP_001075423.1
2796	2887	5	304	4.5	NOV_Cry41Ca1_39.9_WP_001075423.1
3236	3317	27	304	1.6	NOV_Cry41Ca1_39.9_WP_001075423.1
3318	3344	30	304	2.8	NOV_Cry41Ca1_39.9_WP_001075423.1
3861	3909	8	304	14.9	NOV_Cry41Ca1_39.9_WP_001075423.1
2432	2770	2	305	17.6	NOV_Cry41Ca1_50.4_AZJ24166.1
2771	2956	21	305	15.3	NOV_Cry41Ca1_50.4_AZJ24166.1
2957	2994	11	305	0.6	NOV_Cry41Ca1_50.4_AZJ24166.1
2995	3051	27	305	2.3	NOV_Cry41Ca1_50.4_AZJ24166.1
3052	3250	11	305	2.4	NOV_Cry41Ca1_50.4_AZJ24166.1
4608	4677	17	306	3.0	NOV_Cry43Cb1_38.6_AGV55020.1
4678	4755	18	306	0.1	NOV_Cry43Cb1_38.6_AGV55020.1
4756	4790	10	306	0.1	NOV_Cry43Cb1_38.6_AGV55020.1
4791	4902	17	306	6.9	NOV_Cry43Cb1_38.6_AGV55020.1
214	277	25	307	27.7	NOV_Cry43Cb1_43.9_PEA91147.1
1846	1904	30	307	1.6	NOV_Cry43Cb1_43.9_PEA91147.1
2327	2503	17	307	11.8	NOV_Cry43Cb1_43.9_PEA91147.1
3017	3058	9	307	0.3	NOV_Cry43Cb1_43.9_PEA91147.1
3059	3115	15	307	1.5	NOV_Cry43Cb1_43.9_PEA91147.1
3116	3164	12	307	0.9	NOV_Cry43Cb1_43.9_PEA91147.1
2631	2684	29	308	17.8	NOV_Cry48Aa1_36.6_CAH33948.1
1963	2453	29	309	2.5	NOV_Cry48Aa1_36.9_CAH33950.1
2631	2680	29	309	18.7	NOV_Cry48Aa1_36.9_CAH33950.1
1	71	28	310	2.2	NOV_Cry4Aa1_32.5_ADM64568.1
1061	1203	12	310	5.1	NOV_Cry4Aa1_32.5_ADM64568.1
2241	2265	3	310	27.7	NOV_Cry4Aa1_32.5_ADM64568.1
2342	2429	18	310	3.6	NOV_Cry4Aa1_32.5_ADM64568.1
2848	2923	25	310	2.6	NOV_Cry4Aa1_32.5_ADM64568.1
2924	3070	27	310	8.4	NOV_Cry4Aa1_32.5_ADM64568.1
4087	4156	3	310	2.2	NOV_Cry4Aa1_32.5_ADM64568.1
4170	4214	9	310	0.3	NOV_Cry4Aa1_32.5_ADM64568.1
4821	4932	12	310	5.5	NOV_Cry4Aa1_32.5_ADM64568.1
1	56	19	311	1.9	NOV_Cry4Ba1_31.6_AUM94650.1
1159	1328	30	311	12.8	NOV_Cry4Ba1_31.6_AUM94650.1
2115	2156	30	311	0.7	NOV_Cry4Ba1_31.6_AUM94650.1
2157	2226	27	311	3.2	NOV_Cry4Ba1_31.6_AUM94650.1
2227	2260	15	311	9.4	NOV_Cry4Ba1_31.6_AUM94650.1
2572	2629	25	311	2.1	NOV_Cry4Ba1_31.6_AUM94650.1
2630	2831	30	311	15.9	NOV_Cry4Ba1_31.6_AUM94650.1
2832	2932	22	311	6.1	NOV_Cry4Ba1_31.6_AUM94650.1
2933	2995	25	311	2.6	NOV_Cry4Ba1_31.6_AUM94650.1
2996	3043	18	311	1.2	NOV_Cry4Ba1_31.6_AUM94650.1
3463	3616	18	311	1.1	NOV_Cry4Ba1_31.6_AUM94650.1
4240	4952	19	312	8.8	NOV_Cry4Ba1_63.7_AJW76684.1
1	128	19	314	7.3	NOV_Cry4Ca2_48.4_AZJ24771.1
129	174	18	314	0.6	NOV_Cry4Ca2_48.4_AZJ24771.1
220	251	12	314	11.5	NOV_Cry4Ca2_48.4_AZJ24771.1
753	833	18	314	44.4	NOV_Cry4Ca2_48.4_AZJ24771.1
1017	1062	28	314	0.4	NOV_Cry4Ca2_48.4_AZJ24771.1
1103	1127	19	314	11.1	NOV_Cry4Ca2_48.4_AZJ24771.1
1175	1480	18	314	22.7	NOV_Cry4Ca2_48.4_AZJ24771.1
2634	2683	30	314	0.9	NOV_Cry4Ca2_48.4_AZJ24771.1
2684	2840	15	314	9.8	NOV_Cry4Ca2_48.4_AZJ24771.1
4817	4863	28	314	0.6	NOV_Cry4Ca2_48.4_AZJ24771.1
2310	2417	12	315	5.5	NOV_Cry4Ca2_51.6_AZJ24420.1
2418	2485	13	315	2.2	NOV_Cry4Ca2_51.6_AZJ24420.1
2486	2545	3	315	1.6	NOV_Cry4Ca2_51.6_AZJ24420.1
4236	4408	19	315	2.9	NOV_Cry4Ca2_51.6_AZJ24420.1
4409	4455	13	315	0.6	NOV_Cry4Ca2_51.6_AZJ24420.1
1	60	20	316	1.8	NOV_Cry4Cb3_34.4_PEA86378.1
748	784	15	316	21.4	NOV_Cry4Cb3_34.4_PEA86378.1
785	807	5	316	12.0	NOV_Cry4Cb3_34.4_PEA86378.1
808	858	18	316	15.8	NOV_Cry4Cb3_34.4_PEA86378.1
2613	2827	2	316	15.5	NOV_Cry4Cb3_34.4_PEA86378.1
2828	2880	4	316	1.2	NOV_Cry4Cb3_34.4_PEA86378.1
2881	3014	14	316	8.2	NOV_Cry4Cb3_34.4_PEA86378.1
3015	3112	18	316	5.0	NOV_Cry4Cb3_34.4_PEA86378.1
3113	3169	27	316	1.6	NOV_Cry4Cb3_34.4_PEA86378.1
4708	4837	27	316	7.9	NOV_Cry4Cb3_34.4_PEA86378.1
3797	3860	19	317	3.5	NOV_Cry52Ca1_62.9_AZJ24464.1
4845	4851	3	317	10.3	NOV_Cry52Ca1_62.9_AZJ24464.1
1	55	21	318	1.6	NOV_Cry53Aa1_40.7_WP_103591149.1
3857	3866	30	318	20.8	NOV_Cry53Aa1_40.7_WP_103591149.1
4550	4615	15	318	2.5	NOV_Cry53Aa1_40.7_WP_103591149.1
4768	4981	17	319	16.9	NOV_Cry53Ab1_39.4_AFM37573.1
1	54	21	320	1.3	NOV_Cry53Ab1_40.0_CAH33955.1
3847	3866	30	320	17.0	NOV_Cry53Ab1_40.0_CAH33955.1
1	54	13	321	1.3	NOV_Cry53Ab1_40.9_APA45008.1
3857	3866	30	321	21.1	NOV_Cry53Ab1_40.9_APA45008.1
4007	4092	14	321	4.0	NOV_Cry53Ab1_40.9_APA45008.1
4551	4590	28	321	0.3	NOV_Cry53Ab1_40.9_APA45008.1
1	56	14	322	1.0	NOV_Cry54Aa1_88.1_AFU17344.1
57	115	3	322	1.2	NOV_Cry54Aa1_88.1_AFU17344.1
116	165	18	322	0.6	NOV_Cry54Aa1_88.1_AFU17344.1
228	249	3	322	18.9	NOV_Cry54Aa1_88.1_AFU17344.1
486	503	10	323	11.5	NOV_Cry56Aa2_56.0_AGV55019.1
484	519	13	324	6.2	NOV_Cry56Aa4_56.4_PEU80288.1
2418	2432	8	324	24.1	NOV_Cry56Aa4_56.4_PEU80288.1
2637	2678	30	324	87.4	NOV_Cry56Aa4_56.4_PEU80288.1
3014	3048	24	324	14.5	NOV_Cry56Aa4_56.4_PEU80288.1
4036	4038	13	324	6.9	NOV_Cry56Aa4_56.4_PEU80288.1
4207	4233	28	324	21.8	NOV_Cry56Aa4_56.4_PEU80288.1
2566	2652	29	327	14.4	NOV_Cry57Ab1_90.3_ACN87261.1
342	593	30	328	12.5	NOV_Cry58Aa1_27.6_AGS78122.1
1969	2047	30	329	8.2	NOV_Cry58Aa1_29.0_AGS78123.2
2431	2535	29	329	2.5	NOV_Cry58Aa1_29.0_AGS78123.2
1	106	15	330	3.4	NOV_Cry5Ba1_27.2_AZR80678.1
334	704	29	330	15.3	NOV_Cry5Ba1_27.2_AZR80678.1
765	807	16	330	40.4	NOV_Cry5Ba1_27.2_AZR80678.1
808	811	23	330	8.8	NOV_Cry5Ba1_27.2_AZR80678.1
821	827	1	330	8.0	NOV_Cry5Ba1_27.2_AZR80678.1
828	830	13	330	6.4	NOV_Cry5Ba1_27.2_AZR80678.1
831	904	25	330	4.0	NOV_Cry5Ba1_27.2_AZR80678.1
1932	2049	29	330	3.2	NOV_Cry5Ba1_27.2_AZR80678.1
2050	2057	30	330	7.0	NOV_Cry5Ba1_27.2_AZR80678.1
2058	2068	9	330	17.0	NOV_Cry5Ba1_27.2_AZR80678.1
2197	2310	29	330	3.9	NOV_Cry5Ba1_27.2_AZR80678.1
2311	2415	27	330	3.3	NOV_Cry5Ba1_27.2_AZR80678.1
2461	2604	18	330	5.9	NOV_Cry5Ba1_27.2_AZR80678.1
2605	2918	30	330	17.4	NOV_Cry5Ba1_27.2_AZR80678.1
2919	3029	18	330	3.7	NOV_Cry5Ba1_27.2_AZR80678.1
828	899	16	331	3.8	NOV_Cry5Ba1_48.7_TEA80813.1
900	971	11	331	0.2	NOV_Cry5Ba1_48.7_TEA80813.1
972	1133	16	331	25.1	NOV_Cry5Ba1_48.7_TEA80813.1
2430	2587	29	331	4.7	NOV_Cry5Ba1_48.7_TEA80813.1
3537	3546	19	331	6.4	NOV_Cry5Ba1_48.7_TEA80813.1
4488	4660	29	331	0.1	NOV_Cry5Ba1_48.7_TEA80813.1
4674	4697	25	331	11.1	NOV_Cry5Ba1_48.7_TEA80813.1
1	72	17	332	3.4	NOV_Cry65Aa2_55.6_PDY37670.1
88	152	28	332	2.7	NOV_Cry65Aa2_55.6_PDY37670.1
1015	1055	27	332	1.6	NOV_Cry65Aa2_55.6_PDY37670.1
1056	1109	11	332	2.3	NOV_Cry65Aa2_55.6_PDY37670.1
1185	1245	14	332	2.4	NOV_Cry65Aa2_55.6_PDY37670.1
1253	1286	14	332	0.1	NOV_Cry65Aa2_55.6_PDY37670.1
1287	1506	18	332	17.5	NOV_Cry65Aa2_55.6_PDY37670.1
1533	1670	28	332	20.6	NOV_Cry65Aa2_55.6_PDY37670.1
1987	2054	5	332	3.0	NOV_Cry65Aa2_55.6_PDY37670.1
2076	2120	28	332	0.9	NOV_Cry65Aa2_55.6_PDY37670.1
2169	2275	28	332	3.4	NOV_Cry65Aa2_55.6_PDY37670.1
2428	2464	14	332	0.3	NOV_Cry65Aa2_55.6_PDY37670.1
2465	2590	11	332	1.2	NOV_Cry65Aa2_55.6_PDY37670.1
2591	2629	18	332	0.5	NOV_Cry65Aa2_55.6_PDY37670.1
2648	2740	18	332	5.3	NOV_Cry65Aa2_55.6_PDY37670.1
2774	2930	27	332	11.4	NOV_Cry65Aa2_55.6_PDY37670.1
2931	3124	28	332	15.0	NOV_Cry65Aa2_55.6_PDY37670.1
3125	3207	23	332	4.4	NOV_Cry65Aa2_55.6_PDY37670.1
3709	3727	3	332	11.6	NOV_Cry65Aa2_55.6_PDY37670.1
3728	3765	19	332	1.1	NOV_Cry65Aa2_55.6_PDY37670.1
224	234	26	333	5.2	NOV_Cry68Aa1_46.2_ARJ25655.1
1882	1912	24	333	4.8	NOV_Cry68Aa1_46.2_ARJ25655.1
4799	4834	18	333	0.6	NOV_Cry68Aa1_46.2_ARJ25655.1
4845	4888	13	333	12.9	NOV_Cry68Aa1_46.2_ARJ25655.1
2756	2765	1	334	7.0	NOV_Cry68Aa1_74.8_WP_103592020.1
2660	2917	21	336	21.0	NOV_Cry69Aa2_62.7_WP_103591151.1
2659	2695	22	337	0.3	NOV_Cry69Ab1_58.0_PEU83535.1
2696	2773	15	337	3.9	NOV_Cry69Ab1_58.0_PEU83535.1
2785	2849	20	337	2.7	NOV_Cry69Ab1_58.0_PEU83535.1
2850	3040	28	337	14.7	NOV_Cry69Ab1_58.0_PEU83535.1
2662	2783	25	338	8.0	NOV_Cry69Ab1_59.2_WP_103591619.1
2784	2844	1	338	2.3	NOV_Cry69Ab1_59.2_WP_103591619.1
2845	2988	14	338	10.2	NOV_Cry69Ab1_59.2_WP_103591619.1
2221	2231	22	340	17.7	NOV_Cry70Bb1_67.1_OUB77817.1
2232	2238	4	340	12.1	NOV_Cry70Bb1_67.1_OUB77817.1
4480	4494	27	340	23.3	NOV_Cry70Bb1_67.1_OUB77817.1
1882	1949	24	341	2.5	NOV_Cry71Aa1_65.9_PEU78325.1
596	798	29	342	6.3	NOV_Cry73Aa1_40.0_PQQ47537.1
819	827	29	342	14.1	NOV_Cry73Aa1_40.0_PQQ47537.1
828	833	18	342	5.5	NOV_Cry73Aa1_40.0_PQQ47537.1
1124	1175	29	342	1.4	NOV_Cry73Aa1_40.0_PQQ47537.1
1477	1522	18	342	2.1	NOV_Cry73Aa1_40.0_PQQ47537.1
1523	1527	11	342	6.4	NOV_Cry73Aa1_40.0_PQQ47537.1
1555	1571	9	342	21.8	NOV_Cry73Aa1_40.0_PQQ47537.1
1572	1598	6	342	1.5	NOV_Cry73Aa1_40.0_PQQ47537.1
1599	1623	21	342	13.7	NOV_Cry73Aa1_40.0_PQQ47537.1
1691	1797	18	342	4.3	NOV_Cry73Aa1_40.0_PQQ47537.1
1798	1803	2	342	9.2	NOV_Cry73Aa1_40.0_PQQ47537.1
1804	1806	30	342	4.5	NOV_Cry73Aa1_40.0_PQQ47537.1
1807	1866	29	342	32.0	NOV_Cry73Aa1_40.0_PQQ47537.1
1944	2046	29	342	10.8	NOV_Cry73Aa1_40.0_PQQ47537.1
2047	2066	30	342	10.3	NOV_Cry73Aa1_40.0_PQQ47537.1
2067	2104	18	342	34.1	NOV_Cry73Aa1_40.0_PQQ47537.1
2105	2178	29	342	3.4	NOV_Cry73Aa1_40.0_PQQ47537.1
2223	2404	22	342	0.4	NOV_Cry73Aa1_40.0_PQQ47537.1
3273	3295	8	342	9.1	NOV_Cry73Aa1_40.0_PQQ47537.1
3474	3501	21	342	7.5	NOV_Cry73Aa1_40.0_PQQ47537.1
3502	3634	30	342	8.6	NOV_Cry73Aa1_40.0_PQQ47537.1
3726	3778	30	342	2.8	NOV_Cry73Aa1_40.0_PQQ47537.1
3867	3899	30	342	18.6	NOV_Cry73Aa1_40.0_PQQ47537.1
4239	4247	20	342	10.3	NOV_Cry73Aa1_40.0_PQQ47537.1
4248	4301	6	342	7.9	NOV_Cry73Aa1_40.0_PQQ47537.1
219	278	25	344	18.9	NOV_Cry7Ba1_84.3_AFI42043.1
3749	4694	29	346	28.1	NOV_Cry7Ca1_99.7_ABR67863.2
1	77	28	347	3.0	NOV_Cry7Cb1_60.4_OTY00887.1
812	824	4	347	2.9	NOV_Cry7Cb1_60.4_OTY00887.1
1091	1153	14	347	24.6	NOV_Cry7Cb1_60.4_OTY00887.1
1839	1932	26	347	4.4	NOV_Cry7Cb1_60.4_OTY00887.1
1933	1980	30	347	0.7	NOV_Cry7Cb1_60.4_OTY00887.1
2998	3061	26	347	1.9	NOV_Cry7Cb1_60.4_OTY00887.1
3062	3105	18	347	0.4	NOV_Cry7Cb1_60.4_OTY00887.1
3451	3509	17	347	4.6	NOV_Cry7Cb1_60.4_OTY00887.1
3780	3848	22	347	2.3	NOV_Cry7Cb1_60.4_OTY00887.1
4084	4270	27	347	12.3	NOV_Cry7Cb1_60.4_OTY00887.1
3863	4158	25	348	17.2	NOV_Cry7Ea2_99.9_AFI42038.1
2483	2518	11	349	0.3	NOV_Cry7Fb2_99.7_AHB36886.1
3932	4085	24	349	11.5	NOV_Cry7Fb2_99.7_AHB36886.1
4086	4203	10	349	7.9	NOV_Cry7Fb2_99.7_AHB36886.1
4503	4604	25	349	6.4	NOV_Cry7Fb2_99.7_AHB36886.1
4605	4647	28	349	0.9	NOV_Cry7Fb2_99.7_AHB36886.1
4697	4713	13	349	13.2	NOV_Cry7Fb2_99.7_AHB36886.1
4714	4776	10	349	2.7	NOV_Cry7Fb2_99.7_AHB36886.1
4777	4826	27	349	1.5	NOV_Cry7Fb2_99.7_AHB36886.1
4856	4921	14	349	3.0	NOV_Cry7Fb2_99.7_AHB36886.1
4922	5033	10	349	7.4	NOV_Cry7Fb2_99.7_AHB36886.1
1	67	3	350	1.5	NOV_Cry7Gb1_28.6_WP_103574454.1
795	806	10	350	14.7	NOV_Cry7Gb1_28.6_WP_103574454.1
807	941	18	350	2.0	NOV_Cry7Gb1_28.6_WP_103574454.1
1511	1526	19	350	0.7	NOV_Cry7Gb1_28.6_WP_103574454.1
1527	1536	1	350	13.9	NOV_Cry7Gb1_28.6_WP_103574454.1
1537	1557	11	350	12.4	NOV_Cry7Gb1_28.6_WP_103574454.1
1558	1596	12	350	11.8	NOV_Cry7Gb1_28.6_WP_103574454.1
1597	1621	17	350	4.3	NOV_Cry7Gb1_28.6_WP_103574454.1
1806	1831	18	350	2.4	NOV_Cry7Gb1_28.6_WP_103574454.1
1911	1983	27	350	1.9	NOV_Cry7Gb1_28.6_WP_103574454.1
2325	2481	3	350	8.1	NOV_Cry7Gb1_28.6_WP_103574454.1
2589	2701	4	350	4.8	NOV_Cry7Gb1_28.6_WP_103574454.1
4496	4599	16	350	4.1	NOV_Cry7Gb1_28.6_WP_103574454.1
127	1120	25	352	110.6	NOV_Cry8Aa1_47.1_EEM92570.1
1121	1138	20	352	32.0	NOV_Cry8Aa1_47.1_EEM92570.1
1295	1800	25	352	27.2	NOV_Cry8Aa1_47.1_EEM92570.1
1801	1867	21	352	14.6	NOV_Cry8Aa1_47.1_EEM92570.1
2048	2088	25	352	15.0	NOV_Cry8Aa1_47.1_EEM92570.1
2089	2106	28	352	5.5	NOV_Cry8Aa1_47.1_EEM92570.1
2219	2457	25	352	7.2	NOV_Cry8Aa1_47.1_EEM92570.1
3278	3360	25	352	11.5	NOV_Cry8Aa1_47.1_EEM92570.1
3820	3866	4	352	8.9	NOV_Cry8Aa1_47.1_EEM92570.1
4188	4318	13	352	0.9	NOV_Cry8Aa1_47.1_EEM92570.1
4319	4397	14	352	20.1	NOV_Cry8Aa1_47.1_EEM92570.1
489	614	24	353	16.8	NOV_Cry8Ab1_80.0_AMR06151.1
4028	4535	24	353	0.5	NOV_Cry8Ab1_80.0_AMR06151.1
4536	4583	7	353	9.0	NOV_Cry8Ab1_80.0_AMR06151.1
4734	4928	26	353	3.1	NOV_Cry8Ab1_80.0_AMR06151.1
489	614	24	354	15.3	NOV_Cry8Ab1_80.3_AFP44678.1
3638	3658	28	354	0.6	NOV_Cry8Ab1_80.3_AFP44678.1
3652	3656	18	355	5.7	NOV_Cry8Ba1_88.6_AEP25412.1
4291	4406	29	355	5.1	NOV_Cry8Ba1_88.6_AEP25412.1
4629	4664	18	355	1.2	NOV_Cry8Ba1_88.6_AEP25412.1
1890	1993	3	356	6.0	NOV_Cry8Ca1_41.2_AST51780.1
3062	3114	11	356	1.5	NOV_Cry8Ca1_41.2_AST51780.1
3115	3164	14	356	1.2	NOV_Cry8Ca1_41.2_AST51780.1
3241	3244	27	356	4.1	NOV_Cry8Ca1_41.2_AST51780.1
4734	4837	4	356	6.0	NOV_Cry8Ca1_41.2_AST51780.1
4894	4964	4	356	3.0	NOV_Cry8Ca1_41.2_AST51780.1
4965	5009	9	356	0.8	NOV_Cry8Ca1_41.2_AST51780.1
1	45	12	357	1.3	NOV_Cry8Ca1_42.6_ABY46520.1
1896	1990	30	357	6.1	NOV_Cry8Ca1_42.6_ABY46520.1
1995	2032	7	357	0.7	NOV_Cry8Ca1_42.6_ABY46520.1
3087	3209	25	357	9.0	NOV_Cry8Ca1_42.6_ABY46520.1
3879	4053	25	357	0.2	NOV_Cry8Ca1_42.6_ABY46520.1
4054	4117	13	357	3.1	NOV_Cry8Ca1_42.6_ABY46520.1
4118	4207	27	357	5.6	NOV_Cry8Ca1_42.6_ABY46520.1
4208	4270	8	357	3.0	NOV_Cry8Ca1_42.6_ABY46520.1
4271	4398	14	357	6.5	NOV_Cry8Ca1_42.6_ABY46520.1
4399	4494	17	357	3.8	NOV_Cry8Ca1_42.6_ABY46520.1
4495	4583	26	357	5.5	NOV_Cry8Ca1_42.6_ABY46520.1
4822	4885	19	357	3.1	NOV_Cry8Ca1_42.6_ABY46520.1
4905	4966	22	357	2.9	NOV_Cry8Ca1_42.6_ABY46520.1
4967	5009	26	357	1.1	NOV_Cry8Ca1_42.6_ABY46520.1
563	587	14	358	13.3	NOV_Cry8Da1_43.7_ANC11094.1
773	774	17	358	0.5	NOV_Cry8Da1_43.7_ANC11094.1
775	793	24	358	4.6	NOV_Cry8Da1_43.7_ANC11094.1
794	885	14	358	9.9	NOV_Cry8Da1_43.7_ANC11094.1
886	1015	21	358	2.3	NOV_Cry8Da1_43.7_ANC11094.1
1786	1808	25	358	10.2	NOV_Cry8Da1_43.7_ANC11094.1
1809	1820	27	358	4.5	NOV_Cry8Da1_43.7_ANC11094.1
1898	1982	8	358	5.4	NOV_Cry8Da1_43.7_ANC11094.1
1983	2047	21	358	3.4	NOV_Cry8Da1_43.7_ANC11094.1
2048	2075	25	358	1.6	NOV_Cry8Da1_43.7_ANC11094.1
2147	2210	12	358	3.3	NOV_Cry8Da1_43.7_ANC11094.1
2243	2252	7	358	5.9	NOV_Cry8Da1_43.7_ANC11094.1
2253	2297	21	358	12.2	NOV_Cry8Da1_43.7_ANC11094.1
2298	2424	25	358	9.8	NOV_Cry8Da1_43.7_ANC11094.1
2648	2729	23	358	5.1	NOV_Cry8Da1_43.7_ANC11094.1
2746	2781	25	358	0.6	NOV_Cry8Da1_43.7_ANC11094.1
2782	2881	13	358	7.0	NOV_Cry8Da1_43.7_ANC11094.1
2882	2970	25	358	5.8	NOV_Cry8Da1_43.7_ANC11094.1
2993	3185	21	358	16.7	NOV_Cry8Da1_43.7_ANC11094.1
3956	4029	26	358	4.3	NOV_Cry8Da1_43.7_ANC11094.1
4030	4178	25	358	12.1	NOV_Cry8Da1_43.7_ANC11094.1
4179	4235	7	358	2.6	NOV_Cry8Da1_43.7_ANC11094.1
4236	4270	24	358	0.5	NOV_Cry8Da1_43.7_ANC11094.1
4468	4625	25	358	13.0	NOV_Cry8Da1_43.7_ANC11094.1
4626	4670	30	358	1.4	NOV_Cry8Da1_43.7_ANC11094.1
4698	4701	7	358	1.2	NOV_Cry8Da1_43.7_ANC11094.1
4703	4708	7	358	4.4	NOV_Cry8Da1_43.7_ANC11094.1
4722	4906	25	358	15.9	NOV_Cry8Da1_43.7_ANC11094.1
4907	4963	18	358	2.6	NOV_Cry8Da1_43.7_ANC11094.1
4964	5019	26	358	2.5	NOV_Cry8Da1_43.7_ANC11094.1
1	67	27	359	0.4	NOV_Cry8Db1_49.9_WP_103653049.1
492	1667	25	359	43.4	NOV_Cry8Db1_49.9_WP_103653049.1
4293	4375	25	359	12.8	NOV_Cry8Db1_49.9_WP_103653049.1
4474	4654	25	359	7.2	NOV_Cry8Db1_49.9_WP_103653049.1
1	67	27	360	0.9	NOV_Cry8Db1_51.1_PNK22955.1
492	877	25	360	60.6	NOV_Cry8Db1_51.1_PNK22955.1
916	993	22	360	1.6	NOV_Cry8Db1_51.1_PNK22955.1
994	1226	25	360	9.2	NOV_Cry8Db1_51.1_PNK22955.1
4271	4375	25	360	8.2	NOV_Cry8Db1_51.1_PNK22955.1
4476	4691	25	360	10.9	NOV_Cry8Db1_51.1_PNK22955.1
3932	4232	29	363	2.0	NOV_Cry8Ja1_60.3_PEE68563.1
4792	5074	29	363	28.6	NOV_Cry8Ja1_60.3_PEE68563.1
3734	4889	25	364	132.9	NOV_Cry8Kb1_73.3_APT36283.1
4967	5112	25	364	19.9	NOV_Cry8Kb1_73.3_APT36283.1
520	603	24	365	23.9	NOV_Cry8Ma2_96.0_WP_103622989.1
604	685	9	365	8.7	NOV_Cry8Ma2_96.0_WP_103622989.1
1	68	15	366	2.0	NOV_Cry8Ma3_96.0_ATY50149.1
89	152	12	366	1.7	NOV_Cry8Ma3_96.0_ATY50149.1
153	202	21	366	0.7	NOV_Cry8Ma3_96.0_ATY50149.1
518	611	24	366	32.6	NOV_Cry8Ma3_96.0_ATY50149.1
4222	4288	24	366	1.9	NOV_Cry8Ma3_96.0_ATY50149.1
4289	4340	25	366	6.6	NOV_Cry8Ma3_96.0_ATY50149.1
1872	1901	22	367	21.3	NOV_Cry9Ga1_57.2_PEU81077.1
1865	1899	1	368	26.1	NOV_Cry9Ga1_58.0_AJS57594.1
4842	4850	29	368	4.6	NOV_Cry9Ga1_58.0_AJS57594.1
