	Rec	Min_par	Maj_par	Unknown_flag	Type	start	stop	d1_start	d1_stop	d2_start	d2_stop	d3_start	d3_stop	Pval	rec_tree_cons:f|1|2|3	min_tree_cons	maj_tree_cons	rec_a	rec_1	rec_2	rec_3	min_a	min_1	min_2	min_3	maj_a	maj_1	maj_2	maj_3	r_min_a	r_min_1	r_min_2	r_min_3	r_min_1_pair	r_min_2_pair	r_min_3_pair	r_maj_a	r_maj_1	r_maj_2	r_maj_3	r_maj_1_pair	r_maj_2_pair	r_maj_3_pair	max_min_a	max_min_1	max_min_2	max_min_3	max_min_1_pair	max_min_2_pair	max_min_3_pair	parent_1	parent_2	parent_3
0	BT_Cry8Ja1	BT_Cry8Ca1	BT_Cry8Ea2	no	domain3	1258	1714	1	598	622	1234	1276	1714	6.661173513242548e-96	100;100;100;100	100;100;100;100	100;100;100;100	100.0	100.0	100.0	100.0	100.0	100.0	100.0	100.0	100.0	100.0	100.0	100.0	70.22761415644763	59.5744680851064	51.1083743842365	100.0	59.57 (BT_Cry8Ca1|BT_Cry8Ja1)	51.11 (BT_Cry8Ca1|BT_Cry8Ja1)	100.0 (BT_Cry8Ca1|BT_Cry8Ja1)	82.6633024950939	100.0	99.0243902439024	48.9655172413793	100.0 (BT_Cry8Ea2|BT_Cry8Ja1)	99.02 (BT_Cry8Ea2|BT_Cry8Ja1)	48.97 (BT_Cry8Ea2|BT_Cry8Ja1)	53.15416485052597	59.5744680851064	50.9225092250922	48.9655172413793	59.57 (BT_Cry8Ca1|BT_Cry8Ea2)	50.92 (BT_Cry8Ca1|BT_Cry8Ea2)	48.97 (BT_Cry8Ca1|BT_Cry8Ea2)	BT_Cry8Ea2	BT_Cry8Ea2	BT_Cry8Ca1
2	NOV_Cry1Da1_84.8_ABK35074.1	BT_Cry1A-like;NOV_Cry1Ad2_87.7_AIW52617.1	BT_Cry1Da1;BT_Cry1Db1;NOV_Cry1Da1_83.2_AIW52615.1	no	domain3	1292	1636	1	601	625	1201	1228	1639	5.007362975974159e-78	100;100;100;100	25.0;25.0;50.0;10.0	25.0;25.0;50.0;10.0	100.0	100.0	100.0	100.0	65.95170694445507	47.2644376899696	56.9364161849711	93.65426695842449	78.16528101478376	78.91364355779096	75.47878609742267	80.10341338913761	61.554109439055644	52.143432715551945	48.75099127676445	83.7679043248505	57.25 (NOV_Cry1Ad2_87.7_AIW52617.1|NOV_Cry1Da1_84.8_ABK35074.1)	50.39 (NOV_Cry1Ad2_87.7_AIW52617.1|NOV_Cry1Da1_84.8_ABK35074.1)	85.62 (BT_Cry1A-like|NOV_Cry1Da1_84.8_ABK35074.1)	68.95341286444365	65.22588555787753	82.89169767310588	58.74265536234758	69.44 (BT_Cry1Da1|NOV_Cry1Da1_84.8_ABK35074.1)	94.59 (BT_Cry1Da1|NOV_Cry1Da1_84.8_ABK35074.1)	58.86 (BT_Cry1Db1|NOV_Cry1Da1_84.8_ABK35074.1)	51.8316782475916	53.41038673081678	48.93365159085023	53.15099642110777	58.89 (BT_Cry1Da1|NOV_Cry1Ad2_87.7_AIW52617.1)	50.39 (BT_Cry1Db1|NOV_Cry1Ad2_87.7_AIW52617.1)	54.7 (BT_Cry1A-like|NOV_Cry1Da1_83.2_AIW52615.1)	BT_Cry1A-like;BT_Cry1Aa10;BT_Cry1Ab12;BT_Cry1Ab2;BT_Cry1Ac39;BT_Cry1Ad1;BT_Cry1Ag1;BT_Cry1Ah2;BT_Cry1Ai1;BT_Cry1Da1;BT_Cry1Db1;BT_Cry1Ea10;BT_Cry1Eb1;NOV_Cry1Ab12_91.4_AAK14338.1;NOV_Cry1Ab32_92.7_AAK14337.1;NOV_Cry1Ac23_90.7_CAQ03747.1;NOV_Cry1Ad2_87.7_AIW52617.1;NOV_Cry1Da1_83.2_AIW52615.1;NOV_Cry1Ea10_93.2_AAX86871.1	BT_Cry1Da1	BT_Cry1A-like;BT_Cry1Aa10;BT_Cry1Ab12;BT_Cry1Ab2;BT_Cry1Ad1;BT_Cry1Ag1;NOV_Cry1Ab12_91.4_AAK14338.1;NOV_Cry1Ab32_92.7_AAK14337.1;NOV_Cry1Ad2_87.7_AIW52617.1
3	NOV_Cry7Ba1_84.3_AFI42043.1	BT_Cry7Ac1	BT_Cry7Ba1	no	domain3	1391	1711	1	598	628	1264	1288	1711	1.5663560189234193e-73	100;100;100;100	100;100;100;100	100;100;100;100	100.0	100.0	100.0	100.0	100.0	100.0	100.0	100.0	100.0	100.0	100.0	100.0	64.25026258619822	55.46875	50.3640776699029	86.91796008869179	55.47 (BT_Cry7Ac1|NOV_Cry7Ba1_84.3_AFI42043.1)	50.36 (BT_Cry7Ac1|NOV_Cry7Ba1_84.3_AFI42043.1)	86.92 (BT_Cry7Ac1|NOV_Cry7Ba1_84.3_AFI42043.1)	78.38955713225434	88.92405063291142	87.7218934911243	58.5227272727273	88.92 (BT_Cry7Ba1|NOV_Cry7Ba1_84.3_AFI42043.1)	87.72 (BT_Cry7Ba1|NOV_Cry7Ba1_84.3_AFI42043.1)	58.52 (BT_Cry7Ba1|NOV_Cry7Ba1_84.3_AFI42043.1)	54.428455224713844	56.6929133858268	51.28518971848229	55.3072625698324	56.69 (BT_Cry7Ac1|BT_Cry7Ba1)	51.29 (BT_Cry7Ac1|BT_Cry7Ba1)	55.31 (BT_Cry7Ac1|BT_Cry7Ba1)	BT_Cry7Ba1	BT_Cry7Ba1	BT_Cry7Ac1
6	BT_Cry24Ca1	BT_Cry40Ba1	BT_Cry24Da1	no	domain3	1369	1732	1	634	658	1306	1333	1732	3.7586191311758293e-66	100;100;100;100	100;100;100;100	100;100;100;100	100.0	100.0	100.0	100.0	100.0	100.0	100.0	100.0	100.0	100.0	100.0	100.0	65.0834173177972	52.688172043010795	51.4563106796116	91.1057692307692	52.69 (BT_Cry24Ca1|BT_Cry40Ba1)	51.46 (BT_Cry24Ca1|BT_Cry40Ba1)	91.11 (BT_Cry24Ca1|BT_Cry40Ba1)	76.29922157024794	87.0014771048745	86.7435158501441	55.1526717557252	87.0 (BT_Cry24Ca1|BT_Cry24Da1)	86.74 (BT_Cry24Ca1|BT_Cry24Da1)	55.15 (BT_Cry24Ca1|BT_Cry24Da1)	52.50556966888343	52.688172043010795	50.54282267792521	54.28571428571429	52.69 (BT_Cry24Da1|BT_Cry40Ba1)	50.54 (BT_Cry24Da1|BT_Cry40Ba1)	54.29 (BT_Cry24Da1|BT_Cry40Ba1)	BT_Cry24Da1	BT_Cry24Da1	BT_Cry40Ba1
8	BT_Cry71Aa1	BT_Cry72Aa1	NOV_Cry71Aa1_65.9_PEU78325.1	no	domain3	1370	1774	1	601	625	1276	1306	1774	1.5938704317886496e-65	100;100;100;100	100;100;100;100	100;100;100;100	100.0	100.0	100.0	100.0	100.0	100.0	100.0	100.0	100.0	100.0	100.0	100.0	61.22388811731104	52.3316062176166	49.4687131050767	81.87134502923979	52.33 (BT_Cry71Aa1|BT_Cry72Aa1)	49.47 (BT_Cry71Aa1|BT_Cry72Aa1)	81.87 (BT_Cry71Aa1|BT_Cry72Aa1)	68.5165463156887	68.52409638554221	85.734664764622	51.2908777969019	68.52 (BT_Cry71Aa1|NOV_Cry71Aa1_65.9_PEU78325.1)	85.73 (BT_Cry71Aa1|NOV_Cry71Aa1_65.9_PEU78325.1)	51.29 (BT_Cry71Aa1|NOV_Cry71Aa1_65.9_PEU78325.1)	50.18414975533327	50.8264462809917	49.4687131050767	50.2572898799314	50.83 (BT_Cry72Aa1|NOV_Cry71Aa1_65.9_PEU78325.1)	49.47 (BT_Cry72Aa1|NOV_Cry71Aa1_65.9_PEU78325.1)	50.26 (BT_Cry72Aa1|NOV_Cry71Aa1_65.9_PEU78325.1)	NOV_Cry71Aa1_65.9_PEU78325.1	NOV_Cry71Aa1_65.9_PEU78325.1	BT_Cry72Aa1
10	NOV_Cry7Ca1_86.8_AGM39664.1	BT_Cry7Ha1	NOV_Cry7Ca1_99.7_ABR67863.2	no	domain3	1300	1643	1	610	634	1270	1300	1732	1.3888040518651698e-79	100;100;100;100	100;100;100;100	100;100;100;100	100.0	100.0	100.0	100.0	100.0	100.0	100.0	100.0	100.0	100.0	100.0	100.0	62.7798940422703	56.233766233766204	51.856435643564396	80.2494802494803	56.23 (BT_Cry7Ha1|NOV_Cry7Ca1_86.8_AGM39664.1)	51.86 (BT_Cry7Ha1|NOV_Cry7Ca1_86.8_AGM39664.1)	80.25 (BT_Cry7Ha1|NOV_Cry7Ca1_86.8_AGM39664.1)	83.1773731622353	99.3453355155483	99.37304075235109	50.81374321880649	99.35 (NOV_Cry7Ca1_86.8_AGM39664.1|NOV_Cry7Ca1_99.7_ABR67863.2)	99.37 (NOV_Cry7Ca1_86.8_AGM39664.1|NOV_Cry7Ca1_99.7_ABR67863.2)	50.81 (NOV_Cry7Ca1_86.8_AGM39664.1|NOV_Cry7Ca1_99.7_ABR67863.2)	53.444213867637174	55.8290155440414	52.0446096654275	52.4590163934426	55.83 (BT_Cry7Ha1|NOV_Cry7Ca1_99.7_ABR67863.2)	52.04 (BT_Cry7Ha1|NOV_Cry7Ca1_99.7_ABR67863.2)	52.46 (BT_Cry7Ha1|NOV_Cry7Ca1_99.7_ABR67863.2)	NOV_Cry7Ca1_99.7_ABR67863.2	NOV_Cry7Ca1_99.7_ABR67863.2	BT_Cry7Ha1
13	NOV_Cry4Ba1_63.7_AJW76684.1	BT_Cry50Ba1	NOV_Cry4Ba1_63.8_OUB35623.1	no	domain3	1285	1714	1	619	667	1222	1252	1714	2.0740271802357894e-54	100;100;100;100	100;100;100;100	100;100;100;100	100.0	100.0	100.0	100.0	100.0	100.0	100.0	100.0	100.0	100.0	100.0	100.0	74.33591238879913	51.4851485148515	78.7539936102236	92.76859504132229	51.49 (BT_Cry50Ba1|NOV_Cry4Ba1_63.7_AJW76684.1)	78.75 (BT_Cry50Ba1|NOV_Cry4Ba1_63.7_AJW76684.1)	92.77 (BT_Cry50Ba1|NOV_Cry4Ba1_63.7_AJW76684.1)	82.05757984705356	90.1538461538462	91.2820512820513	64.73684210526321	90.15 (NOV_Cry4Ba1_63.7_AJW76684.1|NOV_Cry4Ba1_63.8_OUB35623.1)	91.28 (NOV_Cry4Ba1_63.7_AJW76684.1|NOV_Cry4Ba1_63.8_OUB35623.1)	64.74 (NOV_Cry4Ba1_63.7_AJW76684.1|NOV_Cry4Ba1_63.8_OUB35623.1)	64.2570335598864	52.2388059701493	78.4810126582278	62.0512820512821	52.24 (BT_Cry50Ba1|NOV_Cry4Ba1_63.8_OUB35623.1)	78.48 (BT_Cry50Ba1|NOV_Cry4Ba1_63.8_OUB35623.1)	62.05 (BT_Cry50Ba1|NOV_Cry4Ba1_63.8_OUB35623.1)	NOV_Cry4Ba1_63.8_OUB35623.1	NOV_Cry4Ba1_63.8_OUB35623.1	BT_Cry50Ba1
14	BT_Cry1Cb1	BT_Cry1Eb1	BT_Cry1Ca11	no	domain3	1224	1557	1	604	637	1225	1252	1660	2.5274678866314797e-54	100;100;100;100	100;100;100;100	100;100;100;100	100.0	100.0	100.0	100.0	100.0	100.0	100.0	100.0	100.0	100.0	100.0	100.0	66.40070585059713	58.94039735099339	53.5340314136126	86.7276887871854	58.94 (BT_Cry1Cb1|BT_Cry1Eb1)	53.53 (BT_Cry1Cb1|BT_Cry1Eb1)	86.73 (BT_Cry1Cb1|BT_Cry1Eb1)	78.59801809564844	90.521327014218	90.9090909090909	54.363636363636395	90.52 (BT_Cry1Ca11|BT_Cry1Cb1)	90.91 (BT_Cry1Ca11|BT_Cry1Cb1)	54.36 (BT_Cry1Ca11|BT_Cry1Cb1)	55.056966531533156	58.311345646438	53.3333333333333	53.526220614828205	58.31 (BT_Cry1Ca11|BT_Cry1Eb1)	53.33 (BT_Cry1Ca11|BT_Cry1Eb1)	53.53 (BT_Cry1Ca11|BT_Cry1Eb1)	BT_Cry1Ca11	BT_Cry1Ca11	BT_Cry1Be1;BT_Cry1Bf1;BT_Cry1Bg1;BT_Cry1Eb1
17	BT_Cry1Fa1	BT_Cry1Ig1	BT_Cry1Fb1	no	domain3	1231	1660	1	604	628	1219	1249	1660	2.09675279194536e-51	100;100;100;100	100;100;100;100	100;100;100;100	100.0	100.0	100.0	100.0	100.0	100.0	100.0	100.0	100.0	100.0	100.0	100.0	60.50353209086544	52.0807061790668	52.2443890274314	77.18550106609808	52.08 (BT_Cry1Fa1|BT_Cry1Ig1)	52.24 (BT_Cry1Fa1|BT_Cry1Ig1)	77.19 (BT_Cry1Fa1|BT_Cry1Ig1)	83.40420154529787	94.2028985507247	95.69536423841059	60.314341846758296	94.2 (BT_Cry1Fa1|BT_Cry1Fb1)	95.7 (BT_Cry1Fa1|BT_Cry1Fb1)	60.31 (BT_Cry1Fa1|BT_Cry1Fb1)	54.49318865798843	52.4652338811631	52.054794520547894	58.9595375722543	52.47 (BT_Cry1Fb1|BT_Cry1Ig1)	52.05 (BT_Cry1Fb1|BT_Cry1Ig1)	58.96 (BT_Cry1Fb1|BT_Cry1Ig1)	BT_Cry1Fb1	BT_Cry1Fb1	BT_Cry1Ig1;BT_Cry1Ka2
19	BT_Cry9Ga1	BT_Cry1Gb1	BT_Cry9Aa1	no	domain3	1336	1744	1	637	661	1303	1336	1744	1.7583468835788296e-50	100;100;100;100	100;100;100;100	100;100;100;100	100.0	100.0	100.0	100.0	100.0	100.0	100.0	100.0	100.0	100.0	100.0	100.0	56.24660674428426	49.2700729927007	49.6350364963504	69.8347107438017	49.27 (BT_Cry1Gb1|BT_Cry9Ga1)	49.64 (BT_Cry1Gb1|BT_Cry9Ga1)	69.83 (BT_Cry1Gb1|BT_Cry9Ga1)	80.02343539924176	97.8227060653188	87.719298245614	54.5283018867925	97.82 (BT_Cry9Aa1|BT_Cry9Ga1)	87.72 (BT_Cry9Aa1|BT_Cry9Ga1)	54.53 (BT_Cry9Aa1|BT_Cry9Ga1)	51.31542332133554	49.4518879415347	50.0	54.494382022471896	49.45 (BT_Cry1Gb1|BT_Cry9Aa1)	50.0 (BT_Cry1Gb1|BT_Cry9Aa1)	54.49 (BT_Cry1Gb1|BT_Cry9Aa1)	BT_Cry9Aa1	BT_Cry9Aa1	BT_Cry1Ga2;BT_Cry1Gb1
22	BT_Cry8Pa1	NOV_Cry8Ba1_88.6_AEP25412.1	BT_Cry8Ba1	major	domain2	542	1185	1	604	628	1291	1297	1714	1.8098222943500896e-47	100;100;100;100	100;100;100;100	100;100;100;100	100.0	100.0	100.0	100.0	100.0	100.0	100.0	100.0	100.0	100.0	100.0	100.0	72.16846677549577	75.4716981132076	93.75	47.2837022132797	75.47 (BT_Cry8Pa1|NOV_Cry8Ba1_88.6_AEP25412.1)	93.75 (BT_Cry8Pa1|NOV_Cry8Ba1_88.6_AEP25412.1)	47.28 (BT_Cry8Pa1|NOV_Cry8Ba1_88.6_AEP25412.1)	64.97851949328853	74.71098265895951	71.0353866317169	49.18918918918921	74.71 (BT_Cry8Ba1|BT_Cry8Pa1)	71.04 (BT_Cry8Ba1|BT_Cry8Pa1)	49.19 (BT_Cry8Ba1|BT_Cry8Pa1)	82.8255872046975	97.07317073170731	74.7612551159618	76.6423357664234	97.07 (BT_Cry8Ba1|NOV_Cry8Ba1_88.6_AEP25412.1)	74.76 (BT_Cry8Ba1|NOV_Cry8Ba1_88.6_AEP25412.1)	76.64 (BT_Cry8Ba1|NOV_Cry8Ba1_88.6_AEP25412.1)	event_74(BT_Cry8Ea2;BT_Cry8Ja1)	NOV_Cry8Ba1_88.6_AEP25412.1	event_74(unknown)
23	BT_Cry52Ba1	BT_Cry40Aa1	NOV_Cry52Ca1_62.9_AZJ24464.1	no	domain3	1363	1702	1	610	652	1288	1312	1702	2.50297015500022e-45	100;100;100;100	100;100;100;100	100;100;100;100	100.0	100.0	100.0	100.0	100.0	100.0	100.0	100.0	100.0	100.0	100.0	100.0	57.59463227822313	49.30394431554521	49.26470588235289	74.2152466367713	49.3 (BT_Cry40Aa1|BT_Cry52Ba1)	49.26 (BT_Cry40Aa1|BT_Cry52Ba1)	74.22 (BT_Cry40Aa1|BT_Cry52Ba1)	63.517691083597896	77.49627421758571	62.778505897772	50.278293135436	77.5 (BT_Cry52Ba1|NOV_Cry52Ca1_62.9_AZJ24464.1)	62.78 (BT_Cry52Ba1|NOV_Cry52Ca1_62.9_AZJ24464.1)	50.28 (BT_Cry52Ba1|NOV_Cry52Ca1_62.9_AZJ24464.1)	50.123927317243435	48.584905660377395	50.379746835443	51.4071294559099	48.58 (BT_Cry40Aa1|NOV_Cry52Ca1_62.9_AZJ24464.1)	50.38 (BT_Cry40Aa1|NOV_Cry52Ca1_62.9_AZJ24464.1)	51.41 (BT_Cry40Aa1|NOV_Cry52Ca1_62.9_AZJ24464.1)	NOV_Cry52Ca1_62.9_AZJ24464.1	BT_Cry52Ca1;NOV_Cry52Ca1_62.9_AZJ24464.1	BT_Cry40Aa1;BT_Cry52Ca1
24	BT_Cry1Ig1	BT_Cry1Ka2	BT_Cry1Ia11;BT_Cry1Ia18;BT_Cry1Ic1;BT_Cry1Id1;BT_Cry1Ie4	no	domain3	1263	1696	1	604	628	1258	1276	1696	4.41858193216353e-43	100;100;100;100	100;100;100;100	16.67;33.33;50.0;50.0	100.0	100.0	100.0	100.0	100.0	100.0	100.0	100.0	85.36868843974663	80.28100986149154	87.24842544343387	88.57663001431442	66.62865594989677	60.8	58.174904942965796	80.9110629067245	60.8 (BT_Cry1Ig1|BT_Cry1Ka2)	58.17 (BT_Cry1Ig1|BT_Cry1Ka2)	80.91 (BT_Cry1Ig1|BT_Cry1Ka2)	74.61989634144867	77.16041196450536	89.13573696190235	57.56354009793828	81.08 (BT_Cry1Id1|BT_Cry1Ig1)	95.65 (BT_Cry1Ia11|BT_Cry1Ig1)	59.16 (BT_Cry1Id1|BT_Cry1Ig1)	58.765536687729536	61.5037760155738	57.532753776912614	57.26008027070218	62.53 (BT_Cry1Ia11|BT_Cry1Ka2)	58.58 (BT_Cry1Id1|BT_Cry1Ka2)	58.62 (BT_Cry1Id1|BT_Cry1Ka2)	BT_Cry1Ia11;BT_Cry1Ia18;BT_Cry1Ic1;BT_Cry1Ie4;NOV_Cry1Ie5_79.3_PQQ47595.1	BT_Cry1Ia11	BT_Cry1Ka2
27	NOV_Cry41Ba2_43.6_BAD35163.1	NOV_Cry32Ma1_57.7_AXY11484.1	NOV_Cry41Ba2_47.9_BAD35157.1	no	domain3	1321	1786	1	703	727	1336	1360	1786	2.35967624962378e-37	100;100;100;100	100;100;100;100	100;100;100;100	100.0	100.0	100.0	100.0	100.0	100.0	100.0	100.0	100.0	100.0	100.0	100.0	59.107244792682636	54.565217391304294	54.0436456996149	68.7128712871287	54.57 (NOV_Cry32Ma1_57.7_AXY11484.1|NOV_Cry41Ba2_43.6_BAD35163.1)	54.04 (NOV_Cry32Ma1_57.7_AXY11484.1|NOV_Cry41Ba2_43.6_BAD35163.1)	68.71 (NOV_Cry32Ma1_57.7_AXY11484.1|NOV_Cry41Ba2_43.6_BAD35163.1)	83.91495016077006	100.0	98.69494290375201	53.049907578558205	100.0 (NOV_Cry41Ba2_43.6_BAD35163.1|NOV_Cry41Ba2_47.9_BAD35157.1)	98.69 (NOV_Cry41Ba2_43.6_BAD35163.1|NOV_Cry41Ba2_47.9_BAD35157.1)	53.05 (NOV_Cry41Ba2_43.6_BAD35163.1|NOV_Cry41Ba2_47.9_BAD35157.1)	53.69835031207437	54.565217391304294	54.0436456996149	52.486187845303895	54.57 (NOV_Cry32Ma1_57.7_AXY11484.1|NOV_Cry41Ba2_47.9_BAD35157.1)	54.04 (NOV_Cry32Ma1_57.7_AXY11484.1|NOV_Cry41Ba2_47.9_BAD35157.1)	52.49 (NOV_Cry32Ma1_57.7_AXY11484.1|NOV_Cry41Ba2_47.9_BAD35157.1)	NOV_Cry41Ba2_47.9_BAD35157.1	NOV_Cry41Ba2_47.9_BAD35157.1	NOV_Cry32Ma1_57.7_AXY11484.1
28	BT_Cry7Cb1	NOV_Cry7Cb1_60.4_OTY00887.1	NOV_Cry7Ca1_99.7_ABR67863.2;NOV_Cry7Ca1_86.8_AGM39664.1;NOV_Cry7Ea2_99.9_AFI42038.1	no	domain3	1282	1759	1	610	634	1297	1327	1759	9.862453154900508e-37	100;100;100;100	100;100;100;100	33.33;33.33;33.33;50.0	100.0	100.0	100.0	100.0	100.0	100.0	100.0	100.0	73.79537851897787	85.86046812172606	83.61831480953737	51.90735262567024	59.142501515339966	55.653266331658294	52.2860492379836	69.488188976378	55.65 (BT_Cry7Cb1|NOV_Cry7Cb1_60.4_OTY00887.1)	52.29 (BT_Cry7Cb1|NOV_Cry7Cb1_60.4_OTY00887.1)	69.49 (BT_Cry7Cb1|NOV_Cry7Cb1_60.4_OTY00887.1)	68.06604474663534	85.05362077659794	68.61663983398519	50.5278736293229	88.84 (BT_Cry7Cb1|NOV_Cry7Ca1_86.8_AGM39664.1)	69.97 (BT_Cry7Cb1|NOV_Cry7Ea2_99.9_AFI42038.1)	51.32 (BT_Cry7Cb1|NOV_Cry7Ea2_99.9_AFI42038.1)	51.596130820504705	54.1684479222815	50.7103402686744	49.909604270558205	54.3 (NOV_Cry7Cb1_60.4_OTY00887.1|NOV_Cry7Ea2_99.9_AFI42038.1)	50.71 (NOV_Cry7Ca1_99.7_ABR67863.2|NOV_Cry7Cb1_60.4_OTY00887.1)	50.26 (NOV_Cry7Ca1_86.8_AGM39664.1|NOV_Cry7Cb1_60.4_OTY00887.1)	NOV_Cry7Ca1_86.8_AGM39664.1;NOV_Cry7Ca1_99.7_ABR67863.2	NOV_Cry7Ca1_86.8_AGM39664.1;NOV_Cry7Ca1_99.7_ABR67863.2;NOV_Cry7Ea2_99.9_AFI42038.1	NOV_Cry7Cb1_60.4_OTY00887.1
29	BT_Cry50Ba1;BT_Cry4Ba1;BT_Cry4Ba3;BT_Cry50Aa1;NOV_Cry4Ba1_63.8_OUB35623.1	BT_Cry30Fa1;BT_Cry30Aa1;BT_Cry30Ca1;BT_Cry30Ea1;BT_Cry30Ga1	BT_Cry19Aa1	no	domain3	1295	1711	1	607	655	1219	1240	1711	1.5008341636236497e-36	83.33;3.7;83.33;1.36	83.33;3.7;83.33;1.36	100;100;100;100	67.72238099146256	60.68227975907649	73.85650400958123	68.62835920572999	73.80209987130739	69.78459483844135	71.2126734129718	80.40903136250903	100.0	100.0	100.0	100.0	56.790094674849605	51.77596952984597	52.48280137451974	66.11151312018313	52.75 (BT_Cry30Ca1|NOV_Cry4Ba1_63.8_OUB35623.1)	54.33 (BT_Cry30Fa1|NOV_Cry4Ba1_63.8_OUB35623.1)	81.87 (BT_Cry30Fa1|BT_Cry50Ba1)	52.15472401039273	54.563774323823225	51.638721781014205	50.261675926340764	55.12 (BT_Cry19Aa1|NOV_Cry4Ba1_63.8_OUB35623.1)	52.16 (BT_Cry19Aa1|BT_Cry4Ba1)	52.32 (BT_Cry19Aa1|NOV_Cry4Ba1_63.8_OUB35623.1)	51.2419988443133	52.66281947444994	50.33055407669312	50.732622981796844	53.53 (BT_Cry19Aa1|BT_Cry30Aa1)	51.12 (BT_Cry19Aa1|BT_Cry30Fa1)	51.57 (BT_Cry19Aa1|BT_Cry30Aa1)	BT_Cry19Aa1	BT_Cry19Aa1	BT_Cry30Aa1;BT_Cry30Ca1;BT_Cry30Ea1;BT_Cry30Fa1;BT_Cry30Ga1
32	BT_Cry7Bb1	BT_Cry7Ac1	BT_Cry7Ba1	no	domain3	1397	1700	1	604	634	1267	1291	1717	7.02393361187483e-35	100;100;100;100	100;100;100;100	100;100;100;100	100.0	100.0	100.0	100.0	100.0	100.0	100.0	100.0	100.0	100.0	100.0	100.0	58.60665979272353	53.649167733674794	50.91575091575089	71.25506072874491	53.65 (BT_Cry7Ac1|BT_Cry7Bb1)	50.92 (BT_Cry7Ac1|BT_Cry7Bb1)	71.26 (BT_Cry7Ac1|BT_Cry7Bb1)	67.73752647581057	70.697012802276	73.42465753424659	59.0909090909091	70.7 (BT_Cry7Ba1|BT_Cry7Bb1)	73.42 (BT_Cry7Ba1|BT_Cry7Bb1)	59.09 (BT_Cry7Ba1|BT_Cry7Bb1)	54.428455224713844	56.6929133858268	51.28518971848229	55.3072625698324	56.69 (BT_Cry7Ac1|BT_Cry7Ba1)	51.29 (BT_Cry7Ac1|BT_Cry7Ba1)	55.31 (BT_Cry7Ac1|BT_Cry7Ba1)	BT_Cry7Ba1;NOV_Cry7Ba1_84.3_AFI42043.1	BT_Cry7Ba1;NOV_Cry7Ba1_84.3_AFI42043.1	BT_Cry7Ac1;NOV_Cry7Ba1_84.3_AFI42043.1
34	NOV_Cry14Ab1_42.4_PGW46196.1	NOV_Cry14Aa1_44.0_PGW42274.1	NOV_Cry14Aa1_41.1_PGW46198.1	no	domain1	1	738	1	679	697	1366	1372	1831	2.07932203031603e-34	100;100;100;100	100;100;100;100	100;100;100;100	100.0	100.0	100.0	100.0	100.0	100.0	100.0	100.0	100.0	100.0	100.0	100.0	63.33310146550974	77.7195281782438	58.0985915492958	54.1811846689896	77.72 (NOV_Cry14Aa1_44.0_PGW42274.1|NOV_Cry14Ab1_42.4_PGW46196.1)	58.1 (NOV_Cry14Aa1_44.0_PGW42274.1|NOV_Cry14Ab1_42.4_PGW46196.1)	54.18 (NOV_Cry14Aa1_44.0_PGW42274.1|NOV_Cry14Ab1_42.4_PGW46196.1)	75.53635601101223	55.657142857142894	90.59829059829059	80.3536345776032	55.66 (NOV_Cry14Aa1_41.1_PGW46198.1|NOV_Cry14Ab1_42.4_PGW46196.1)	90.6 (NOV_Cry14Aa1_41.1_PGW46198.1|NOV_Cry14Ab1_42.4_PGW46196.1)	80.35 (NOV_Cry14Aa1_41.1_PGW46198.1|NOV_Cry14Ab1_42.4_PGW46196.1)	56.36025308348197	56.551724137931004	56.993006993007	55.5360281195079	56.55 (NOV_Cry14Aa1_41.1_PGW46198.1|NOV_Cry14Aa1_44.0_PGW42274.1)	56.99 (NOV_Cry14Aa1_41.1_PGW46198.1|NOV_Cry14Aa1_44.0_PGW42274.1)	55.54 (NOV_Cry14Aa1_41.1_PGW46198.1|NOV_Cry14Aa1_44.0_PGW42274.1)	NOV_Cry14Aa1_44.0_PGW42274.1	NOV_Cry14Aa1_41.1_PGW46198.1	NOV_Cry14Aa1_41.1_PGW46198.1
36	BT_Cry32Wa1	BT_Cry32Pa1	BT_Cry32Ma1;BT_Cry32Mb1	no	domain3	1291	1707	1	685	715	1282	1315	1711	1.1302084459591698e-33	100;100;100;100	100;100;100;100	33.33;33.33;20.0;50.0	100.0	100.0	100.0	100.0	100.0	100.0	100.0	100.0	88.25683357788654	99.12663755458509	99.6478873239437	65.9959758551308	56.8796242681593	54.545454545454504	49.4267515923567	66.6666666666667	54.55 (BT_Cry32Pa1|BT_Cry32Wa1)	49.43 (BT_Cry32Pa1|BT_Cry32Wa1)	66.67 (BT_Cry32Pa1|BT_Cry32Wa1)	75.47454483664359	85.4916106827283	85.74951034316227	55.1825134840402	85.62 (BT_Cry32Ma1|BT_Cry32Wa1)	85.9 (BT_Cry32Mb1|BT_Cry32Wa1)	55.21 (BT_Cry32Mb1|BT_Cry32Wa1)	52.70857281546317	53.76889215881886	49.047013977128294	55.309812310442354	53.85 (BT_Cry32Ma1|BT_Cry32Pa1)	49.05 (BT_Cry32Ma1|BT_Cry32Pa1)	55.73 (BT_Cry32Ma1|BT_Cry32Pa1)	BT_Cry32Ma1;BT_Cry32Mb1	BT_Cry32Ma1;BT_Cry32Mb1	BT_Cry32Pa1
37	BT_Cry52Ca1	BT_Cry40Aa1	NOV_Cry52Ca1_62.9_AZJ24464.1	no	domain3	1331	1663	1	592	631	1237	1267	1663	5.3227085765619e-33	100;100;100;100	100;100;100;100	100;100;100;100	100.0	100.0	100.0	100.0	100.0	100.0	100.0	100.0	100.0	100.0	100.0	100.0	55.690647057033864	50.5338078291815	48.8721804511278	67.6659528907923	50.53 (BT_Cry40Aa1|BT_Cry52Ca1)	48.87 (BT_Cry40Aa1|BT_Cry52Ca1)	67.67 (BT_Cry40Aa1|BT_Cry52Ca1)	67.98830869994073	69.753979739508	82.2556390977444	51.9553072625698	69.75 (BT_Cry52Ca1|NOV_Cry52Ca1_62.9_AZJ24464.1)	82.26 (BT_Cry52Ca1|NOV_Cry52Ca1_62.9_AZJ24464.1)	51.96 (BT_Cry52Ca1|NOV_Cry52Ca1_62.9_AZJ24464.1)	50.123927317243435	48.584905660377395	50.379746835443	51.4071294559099	48.58 (BT_Cry40Aa1|NOV_Cry52Ca1_62.9_AZJ24464.1)	50.38 (BT_Cry40Aa1|NOV_Cry52Ca1_62.9_AZJ24464.1)	51.41 (BT_Cry40Aa1|NOV_Cry52Ca1_62.9_AZJ24464.1)	BT_Cry52Aa1;BT_Cry52Ba1;NOV_Cry52Ca1_62.9_AZJ24464.1	event_107(NOV_Cry52Ca1_62.9_AZJ24464.1)	BT_Cry40Aa1
38	BT_Cry59Ba1	NOV_Cry40Da1_81.5_AIN76756.1;BT_Cry40Ca1;BT_Cry40Da1;NOV_Cry40Da1_65.0_CAH33957.1;NOV_Cry40Da1_77.3_ARJ25823.1	BT_Cry59Aa1	no	domain1	1	684	1	649	673	1306	1339	1723	2.1384529469732698e-32	100;100;100;100	50.0;12.5;50.0;50.0	100;100;100;100	100.0	100.0	100.0	100.0	74.13230442892207	75.4049086918942	78.53374001752353	68.45826457734847	100.0	100.0	100.0	100.0	58.17327768534087	70.84679392853337	52.13343640250898	51.539602724980256	73.15 (BT_Cry40Da1|BT_Cry59Ba1)	52.81 (BT_Cry40Da1|BT_Cry59Ba1)	52.1 (BT_Cry59Ba1|NOV_Cry40Da1_81.5_AIN76756.1)	75.1275291093993	53.972257250945795	85.9030837004405	85.5072463768116	53.97 (BT_Cry59Aa1|BT_Cry59Ba1)	85.9 (BT_Cry59Aa1|BT_Cry59Ba1)	85.51 (BT_Cry59Aa1|BT_Cry59Ba1)	51.86629386233311	53.195441964156025	51.34097022510324	51.06246939774006	54.05 (BT_Cry59Aa1|NOV_Cry40Da1_65.0_CAH33957.1)	51.68 (BT_Cry59Aa1|NOV_Cry40Da1_65.0_CAH33957.1)	51.79 (BT_Cry59Aa1|NOV_Cry40Da1_81.5_AIN76756.1)	BT_Cry40Ba1;BT_Cry40Ca1;BT_Cry40Da1;NOV_Cry40Da1_65.0_CAH33957.1;NOV_Cry40Da1_66.9_PEU78339.1;NOV_Cry40Da1_77.3_ARJ25823.1;NOV_Cry40Da1_81.5_AIN76756.1	BT_Cry59Aa1	BT_Cry59Aa1
39	BT_Cry52Aa1	BT_Cry40Aa1	NOV_Cry52Ca1_62.9_AZJ24464.1	no	domain3	1380	1705	1	616	658	1297	1321	1705	2.1792694859439494e-32	100;100;100;100	100;100;100;100	100;100;100;100	100.0	100.0	100.0	100.0	100.0	100.0	100.0	100.0	100.0	100.0	100.0	100.0	54.7327806423944	49.65277777777779	49.4492044063647	65.09635974304071	49.65 (BT_Cry40Aa1|BT_Cry52Aa1)	49.45 (BT_Cry40Aa1|BT_Cry52Aa1)	65.1 (BT_Cry40Aa1|BT_Cry52Aa1)	62.625406938075436	74.4897959183674	61.6883116883117	51.69811320754721	74.49 (BT_Cry52Aa1|NOV_Cry52Ca1_62.9_AZJ24464.1)	61.69 (BT_Cry52Aa1|NOV_Cry52Ca1_62.9_AZJ24464.1)	51.7 (BT_Cry52Aa1|NOV_Cry52Ca1_62.9_AZJ24464.1)	50.123927317243435	48.584905660377395	50.379746835443	51.4071294559099	48.58 (BT_Cry40Aa1|NOV_Cry52Ca1_62.9_AZJ24464.1)	50.38 (BT_Cry40Aa1|NOV_Cry52Ca1_62.9_AZJ24464.1)	51.41 (BT_Cry40Aa1|NOV_Cry52Ca1_62.9_AZJ24464.1)	NOV_Cry52Ca1_62.9_AZJ24464.1	BT_Cry52Ca1;NOV_Cry52Ca1_62.9_AZJ24464.1	BT_Cry40Aa1;BT_Cry52Ca1
44	BT_Cry9Ee1	BT_Cry9Bb1	BT_Cry9Ec1;BT_Cry9Ed1	no	domain3	1234	1705	1	616	643	1261	1285	1705	2.65031811680995e-29	100;100;100;100	100;100;100;100	33.33;33.33;25.0;50.0	100.0	100.0	100.0	100.0	100.0	100.0	100.0	100.0	85.8831885630342	91.58878504672899	88.70229007633591	77.3584905660377	65.49793496117334	65.53133514986379	53.631961259079894	77.3305084745763	65.53 (BT_Cry9Bb1|BT_Cry9Ee1)	53.63 (BT_Cry9Bb1|BT_Cry9Ee1)	77.33 (BT_Cry9Bb1|BT_Cry9Ee1)	70.10765508305464	85.67825112107623	67.36697348637645	57.277740641711205	87.5 (BT_Cry9Ec1|BT_Cry9Ee1)	67.71 (BT_Cry9Ed1|BT_Cry9Ee1)	57.39 (BT_Cry9Ec1|BT_Cry9Ee1)	58.28614209217336	65.75993895175701	52.5242588009933	56.57422852376981	66.44 (BT_Cry9Bb1|BT_Cry9Ec1)	52.71 (BT_Cry9Bb1|BT_Cry9Ec1)	56.82 (BT_Cry9Bb1|BT_Cry9Ec1)	BT_Cry9Ec1;BT_Cry9Ed1	BT_Cry9Ec1;BT_Cry9Ed1	BT_Cry9Bb1
45	NOV_Cry40Da1_65.0_CAH33957.1	NOV_Cry40Da1_66.9_PEU78339.1	BT_Cry40Da1;NOV_Cry40Da1_81.5_AIN76756.1	no	domain1	1	549	1	625	649	1237	1267	1669	4.49334253419359e-28	100;100;100;100	100;100;100;100	50.0;50.0;25.0;33.33	100.0	100.0	100.0	100.0	100.0	100.0	100.0	100.0	84.04706447048079	91.4798206278027	85.4889589905363	75.1724137931034	76.8946247934466	95.30516431924879	69.3409742120344	66.0377358490566	95.31 (NOV_Cry40Da1_65.0_CAH33957.1|NOV_Cry40Da1_66.9_PEU78339.1)	69.34 (NOV_Cry40Da1_65.0_CAH33957.1|NOV_Cry40Da1_66.9_PEU78339.1)	66.04 (NOV_Cry40Da1_65.0_CAH33957.1|NOV_Cry40Da1_66.9_PEU78339.1)	72.6266168378649	68.82513368983955	84.21261156059725	64.84210526315789	68.85 (NOV_Cry40Da1_65.0_CAH33957.1|NOV_Cry40Da1_81.5_AIN76756.1)	86.85 (BT_Cry40Da1|NOV_Cry40Da1_65.0_CAH33957.1)	65.47 (BT_Cry40Da1|NOV_Cry40Da1_65.0_CAH33957.1)	72.0311653592838	69.61798808135771	69.46276099369794	77.0127470027958	69.76 (NOV_Cry40Da1_66.9_PEU78339.1|NOV_Cry40Da1_81.5_AIN76756.1)	70.01 (BT_Cry40Da1|NOV_Cry40Da1_66.9_PEU78339.1)	82.98 (BT_Cry40Da1|NOV_Cry40Da1_66.9_PEU78339.1)	NOV_Cry40Da1_66.9_PEU78339.1	BT_Cry40Da1;NOV_Cry40Da1_77.3_ARJ25823.1;NOV_Cry40Da1_81.5_AIN76756.1	event_103(unknown)
47	BT_Cry2Ai1	BT_Cry2Ac10	BT_Cry2Aa13	no	domain1	1	502	1	580	595	1210	1249	1672	1.92524661821035e-35	100;100;100;100	100;100;100;100	100;100;100;100	100.0	100.0	100.0	100.0	100.0	100.0	100.0	100.0	100.0	100.0	100.0	100.0	82.18445673284927	97.6109215017065	69.1983122362869	79.74413646055442	97.61 (BT_Cry2Ac10|BT_Cry2Ai1)	69.2 (BT_Cry2Ac10|BT_Cry2Ai1)	79.74 (BT_Cry2Ac10|BT_Cry2Ai1)	92.83993315484364	81.2206572769953	98.7075928917609	98.59154929577471	81.22 (BT_Cry2Aa13|BT_Cry2Ai1)	98.71 (BT_Cry2Aa13|BT_Cry2Ai1)	98.59 (BT_Cry2Aa13|BT_Cry2Ai1)	77.69300504604394	82.64984227129341	69.91525423728811	80.51391862955029	82.65 (BT_Cry2Aa13|BT_Cry2Ac10)	69.92 (BT_Cry2Aa13|BT_Cry2Ac10)	80.51 (BT_Cry2Aa13|BT_Cry2Ac10)	BT_Cry2Ac10	BT_Cry2Aa13	BT_Cry2Aa13
49	NOV_Cry8Ab1_80.0_AMR06151.1	BT_Cry8Ra1	BT_Cry8Ab1	no	domain3	1329	1729	1	604	628	1291	1315	1729	1.0101659986363198e-29	100;100;100;100	100;100;100;100	100;100;100;100	100.0	100.0	100.0	100.0	100.0	100.0	100.0	100.0	100.0	100.0	100.0	100.0	62.06108126922607	65.81081081081079	57.05882352941179	63.3136094674556	65.81 (BT_Cry8Ra1|NOV_Cry8Ab1_80.0_AMR06151.1)	57.06 (BT_Cry8Ra1|NOV_Cry8Ab1_80.0_AMR06151.1)	63.31 (BT_Cry8Ra1|NOV_Cry8Ab1_80.0_AMR06151.1)	79.3667186043709	89.4984326018809	93.2944606413994	55.3072625698324	89.5 (BT_Cry8Ab1|NOV_Cry8Ab1_80.0_AMR06151.1)	93.29 (BT_Cry8Ab1|NOV_Cry8Ab1_80.0_AMR06151.1)	55.31 (BT_Cry8Ab1|NOV_Cry8Ab1_80.0_AMR06151.1)	57.988444505274295	64.43850267379679	57.05882352941179	52.4680073126143	64.44 (BT_Cry8Ab1|BT_Cry8Ra1)	57.06 (BT_Cry8Ab1|BT_Cry8Ra1)	52.47 (BT_Cry8Ab1|BT_Cry8Ra1)	BT_Cry8Ab1	BT_Cry8Ab1	BT_Cry8Ra1
51	BT_Cry8Fa2	BT_Cry8Ga1	BT_Cry8Qa1	no	domain3	1366	1716	1	589	613	1276	1306	1720	4.672203495217849e-24	100;100;100;100	100;100;100;100	100;100;100;100	100.0	100.0	100.0	100.0	100.0	100.0	100.0	100.0	100.0	100.0	100.0	100.0	57.338364386568344	56.7460317460318	50.8690614136732	64.4	56.75 (BT_Cry8Fa2|BT_Cry8Ga1)	50.87 (BT_Cry8Fa2|BT_Cry8Ga1)	64.4 (BT_Cry8Fa2|BT_Cry8Ga1)	66.91350163286154	78.5388127853881	67.25663716814161	54.945054945054906	78.54 (BT_Cry8Fa2|BT_Cry8Qa1)	67.26 (BT_Cry8Fa2|BT_Cry8Qa1)	54.95 (BT_Cry8Fa2|BT_Cry8Qa1)	52.56118982570742	54.7120418848168	50.5214368482039	52.4500907441016	54.71 (BT_Cry8Ga1|BT_Cry8Qa1)	50.52 (BT_Cry8Ga1|BT_Cry8Qa1)	52.45 (BT_Cry8Ga1|BT_Cry8Qa1)	BT_Cry8Qa1	BT_Cry8Qa1	BT_Cry8Ga1
52	NOV_Cry9Ga1_57.2_PEU81077.1	NOV_Cry68Aa1_74.8_WP_103592020.1;BT_Cry68Aa1;NOV_Cry68Aa1_80.1_PEU91245.1	NOV_Cry9Ga1_58.0_AJS57594.1	no	domain3	1382	1707	1	634	658	1288	1321	1708	1.08442857230131e-23	100;100;100;100	25.0;33.33;50.0;25.0	100;100;100;100	100.0	100.0	100.0	100.0	78.71189632646404	71.41584038710253	86.8838803101178	77.83596828217179	100.0	100.0	100.0	100.0	59.65977734275593	52.47535596933186	55.824008165345724	70.6799678935902	52.73 (BT_Cry68Aa1|NOV_Cry9Ga1_57.2_PEU81077.1)	55.99 (BT_Cry68Aa1|NOV_Cry9Ga1_57.2_PEU81077.1)	71.05 (NOV_Cry68Aa1_74.8_WP_103592020.1|NOV_Cry9Ga1_57.2_PEU81077.1)	67.46511420076533	71.8367346938775	73.4439834024896	57.114624505928894	71.84 (NOV_Cry9Ga1_57.2_PEU81077.1|NOV_Cry9Ga1_58.0_AJS57594.1)	73.44 (NOV_Cry9Ga1_57.2_PEU81077.1|NOV_Cry9Ga1_58.0_AJS57594.1)	57.11 (NOV_Cry9Ga1_57.2_PEU81077.1|NOV_Cry9Ga1_58.0_AJS57594.1)	54.37236310009409	52.859111476758535	55.72332185269757	54.534655970826165	54.04 (BT_Cry68Aa1|NOV_Cry9Ga1_58.0_AJS57594.1)	55.82 (BT_Cry68Aa1|NOV_Cry9Ga1_58.0_AJS57594.1)	54.93 (BT_Cry68Aa1|NOV_Cry9Ga1_58.0_AJS57594.1)	NOV_Cry9Ga1_58.0_AJS57594.1	NOV_Cry9Ga1_58.0_AJS57594.1	BT_Cry68Aa1;NOV_Cry68Aa1_74.8_WP_103592020.1;NOV_Cry68Aa1_80.1_PEU91245.1
53	BT_Cry1Jd1	BT_Cry9Ca1;BT_Cry9Ea10;BT_Cry9Ec1;BT_Cry9Ed1;BT_Cry9Fa1	BT_Cry1Jb1	minor	domain3	1218	1639	1	604	628	1195	1219	1639	1.5485968854962098e-23	100;100;100;100	50.0;50.0;50.0;50.0	100;100;100;100	100.0	100.0	100.0	100.0	64.73227127050988	69.98328460851612	64.3610110537113	59.85251814930223	100.0	100.0	100.0	100.0	51.04255944790011	53.136198395716704	48.90688021533872	51.08459973264492	53.79 (BT_Cry1Jd1|BT_Cry9Ea10)	49.81 (BT_Cry1Jd1|BT_Cry9Ca1)	52.17 (BT_Cry1Jd1|BT_Cry9Fa1)	71.8373064961588	91.7329093799682	74.8466257668712	48.932384341637004	91.73 (BT_Cry1Jb1|BT_Cry1Jd1)	74.85 (BT_Cry1Jb1|BT_Cry1Jd1)	48.93 (BT_Cry1Jb1|BT_Cry1Jd1)	52.222131193370046	53.5228050815178	48.68837453040026	54.4552139681921	54.37 (BT_Cry1Jb1|BT_Cry9Ec1)	49.44 (BT_Cry1Jb1|BT_Cry9Ca1)	58.32 (BT_Cry1Jb1|BT_Cry9Ec1)	BT_Cry1Jb1	BT_Cry1Ja1;BT_Cry1Jb1	unknown
56	BT_Cry9Ca1	BT_Cry9Ea10	BT_Cry9Ed1;BT_Cry9Ec1	minor	domain1	1	510	1	607	634	1252	1282	1711	1.06244605411994e-25	100;100;100;100	100;100;100;100	8.33;5.26;33.33;33.33	100.0	100.0	100.0	100.0	100.0	100.0	100.0	100.0	85.8831885630342	91.58878504672899	88.70229007633591	77.3584905660377	59.432303986792796	58.984375	61.4473684210526	57.8651685393258	58.98 (BT_Cry9Ca1|BT_Cry9Ea10)	61.45 (BT_Cry9Ca1|BT_Cry9Ea10)	57.87 (BT_Cry9Ca1|BT_Cry9Ea10)	65.06627222814751	58.8810041449935	74.45732727707384	61.8604852623752	58.98 (BT_Cry9Ca1|BT_Cry9Ec1)	75.32 (BT_Cry9Ca1|BT_Cry9Ed1)	63.42 (BT_Cry9Ca1|BT_Cry9Ec1)	68.87021177893479	83.71929589719565	59.6622868656767	63.229052573932044	83.86 (BT_Cry9Ea10|BT_Cry9Ed1)	59.97 (BT_Cry9Ea10|BT_Cry9Ec1)	65.66 (BT_Cry9Ea10|BT_Cry9Ec1)	unknown	BT_Cry9Ec1;BT_Cry9Ed1	BT_Cry1Jb1;BT_Cry9Ea10;BT_Cry9Ec1;BT_Cry9Ed1
60	BT_Cry32Ha1;BT_Cry32Hb1	BT_Cry32Ka1	BT_Cry32Oa1	no	domain3	1446	1756	1	640	664	1315	1342	1756	9.705102639209799e-21	100.0;100.0;100.0;100.0	100;100;100;100	100;100;100;100	91.26044932079417	100.0	97.2727272727273	76.5086206896552	100.0	100.0	100.0	100.0	100.0	100.0	100.0	100.0	56.95596669366792	52.968568102444706	54.518659934520706	63.380672044038356	52.97 (BT_Cry32Ha1|BT_Cry32Ka1)	54.61 (BT_Cry32Hb1|BT_Cry32Ka1)	66.34 (BT_Cry32Ha1|BT_Cry32Ka1)	63.77233914996882	73.17073170731709	66.581956797967	51.5643289446224	73.17 (BT_Cry32Ha1|BT_Cry32Oa1)	66.58 (BT_Cry32Ha1|BT_Cry32Oa1)	51.82 (BT_Cry32Ha1|BT_Cry32Oa1)	54.60341757961493	55.13577331759149	55.3066037735849	53.3678756476684	55.14 (BT_Cry32Ka1|BT_Cry32Oa1)	55.31 (BT_Cry32Ka1|BT_Cry32Oa1)	53.37 (BT_Cry32Ka1|BT_Cry32Oa1)	BT_Cry32Oa1	BT_Cry32Oa1	BT_Cry32Ka1
62	BT_Cry1Db1	NOV_Cry1Da1_83.2_AIW52615.1	BT_Cry1Da1	no	domain1	130	729	1	604	628	1204	1234	1630	4.85817593416315e-20	100;100;100;100	100;100;100;100	100;100;100;100	100.0	100.0	100.0	100.0	100.0	100.0	100.0	100.0	100.0	100.0	100.0	100.0	76.33016513056836	88.4375	68.475073313783	72.0779220779221	88.44 (BT_Cry1Db1|NOV_Cry1Da1_83.2_AIW52615.1)	68.48 (BT_Cry1Db1|NOV_Cry1Da1_83.2_AIW52615.1)	72.08 (BT_Cry1Db1|NOV_Cry1Da1_83.2_AIW52615.1)	87.41085368748939	74.025974025974	91.6805324459235	96.5260545905707	74.03 (BT_Cry1Da1|BT_Cry1Db1)	91.68 (BT_Cry1Da1|BT_Cry1Db1)	96.53 (BT_Cry1Da1|BT_Cry1Db1)	70.7548242262935	74.2774566473989	66.28075253256151	71.7062634989201	74.28 (BT_Cry1Da1|NOV_Cry1Da1_83.2_AIW52615.1)	66.28 (BT_Cry1Da1|NOV_Cry1Da1_83.2_AIW52615.1)	71.71 (BT_Cry1Da1|NOV_Cry1Da1_83.2_AIW52615.1)	NOV_Cry1Da1_83.2_AIW52615.1	BT_Cry1Da1;NOV_Cry1Da1_84.8_ABK35074.1	BT_Cry1Da1
65	BT_Cry30Db1;BT_Cry30Da1	NOV_Cry30Ca1_66.6_BAD00052.1;BT_Cry30Ca1	NOV_Cry30Ga2_64.5_ARJ25665.1	minor	domain2	771	1339	1	634	658	1279	1309	1756	1.73165492833619e-19	100.0;66.67;100.0;100.0	100.0;66.67;100.0;100.0	100;100;100;100	90.10370482970622	89.237668161435	91.6666666666667	89.4067796610169	72.24871378645406	73.6625514403292	87.3873873873874	55.6962025316456	100.0	100.0	100.0	100.0	65.20303390909507	62.31036014662357	68.52713378784115	64.77160779282048	63.14 (BT_Cry30Da1|NOV_Cry30Ca1_66.6_BAD00052.1)	69.05 (BT_Cry30Ca1|BT_Cry30Db1)	73.8 (BT_Cry30Ca1|BT_Cry30Db1)	70.7238508751226	86.041522040958	73.16773255927521	52.9622980251346	88.51 (BT_Cry30Db1|NOV_Cry30Ga2_64.5_ARJ25665.1)	73.77 (BT_Cry30Db1|NOV_Cry30Ga2_64.5_ARJ25665.1)	52.96 (BT_Cry30Db1|NOV_Cry30Ga2_64.5_ARJ25665.1)	66.51931133976512	62.4443345288038	82.78175816749985	54.33184132299175	62.76 (BT_Cry30Ca1|NOV_Cry30Ga2_64.5_ARJ25665.1)	82.84 (NOV_Cry30Ca1_66.6_BAD00052.1|NOV_Cry30Ga2_64.5_ARJ25665.1)	55.21 (NOV_Cry30Ca1_66.6_BAD00052.1|NOV_Cry30Ga2_64.5_ARJ25665.1)	NOV_Cry30Ga2_64.5_ARJ25665.1	unknown	NOV_Cry30Ga2_64.5_ARJ25665.1
71	BT_Cry19Aa1	BT_Cry19Ca1	BT_Cry1Na1;BT_Cry1Nb1	no	domain2	617	1246	1	610	634	1240	1270	1678	5.75515890763164e-27	100;100;100;100	100;100;100;100	12.5;50.0;16.67;50.0	100.0	100.0	100.0	100.0	100.0	100.0	100.0	100.0	78.38978668368136	81.2688821752266	78.19548872180451	75.704989154013	57.9529073600889	56.862745098039206	66.4383561643836	50.5576208178439	56.86 (BT_Cry19Aa1|BT_Cry19Ca1)	66.44 (BT_Cry19Aa1|BT_Cry19Ca1)	50.56 (BT_Cry19Aa1|BT_Cry19Ca1)	51.81601853269457	55.203065134099596	48.426184100341395	51.8188063636427	56.0 (BT_Cry19Aa1|BT_Cry1Na1)	49.06 (BT_Cry19Aa1|BT_Cry1Nb1)	52.23 (BT_Cry19Aa1|BT_Cry1Na1)	51.1857656390648	54.179989140926644	47.970178320357796	51.40712945590996	55.08 (BT_Cry19Ca1|BT_Cry1Na1)	48.33 (BT_Cry19Ca1|BT_Cry1Nb1)	52.53 (BT_Cry19Ca1|BT_Cry1Na1)	BT_Cry1Na1;BT_Cry1Nb1	BT_Cry19Ca1	BT_Cry1A-like;BT_Cry1Aa10;BT_Cry1Ab12;BT_Cry1Ab2;BT_Cry1Ad1;BT_Cry1Ag1;BT_Cry1Bb1;BT_Cry1Fb1;BT_Cry1Ga2;BT_Cry1Gb1;BT_Cry1Ia11;BT_Cry1Ia18;BT_Cry1Ic1;BT_Cry1Id1;BT_Cry1Ie4;BT_Cry1Ja1;BT_Cry1Ma1;BT_Cry1Na1;BT_Cry1Nb1;BT_Cry9Ga1;NOV_Cry1Ab12_91.4_AAK14338.1;NOV_Cry1Ab32_92.7_AAK14337.1;NOV_Cry1Ad2_87.7_AIW52617.1;NOV_Cry1Da1_84.8_ABK35074.1;NOV_Cry1Ga1_77.9_AX098669.1;NOV_Cry1Ie5_79.3_PQQ47595.1
73	BT_Cry13Aa1	NOV_Cry13Aa1_50.1_ANS46780.1	NOV_Cry14Aa1_44.0_PGW42274.1	major	domain3	1398	1774	1	652	670	1330	1336	1774	7.44314259461249e-20	100;100;100;100	100;100;100;100	100;100;100;100	100.0	100.0	100.0	100.0	100.0	100.0	100.0	100.0	100.0	100.0	100.0	100.0	62.54895477335587	55.80304806565061	57.243816254417	74.6	55.8 (BT_Cry13Aa1|NOV_Cry13Aa1_50.1_ANS46780.1)	57.24 (BT_Cry13Aa1|NOV_Cry13Aa1_50.1_ANS46780.1)	74.6 (BT_Cry13Aa1|NOV_Cry13Aa1_50.1_ANS46780.1)	53.76038452939864	55.985915492957794	52.914285714285704	52.380952380952394	55.99 (BT_Cry13Aa1|NOV_Cry14Aa1_44.0_PGW42274.1)	52.91 (BT_Cry13Aa1|NOV_Cry14Aa1_44.0_PGW42274.1)	52.38 (BT_Cry13Aa1|NOV_Cry14Aa1_44.0_PGW42274.1)	57.35932036264333	63.57056694813029	58.2456140350877	50.261780104712	63.57 (NOV_Cry13Aa1_50.1_ANS46780.1|NOV_Cry14Aa1_44.0_PGW42274.1)	58.25 (NOV_Cry13Aa1_50.1_ANS46780.1|NOV_Cry14Aa1_44.0_PGW42274.1)	50.26 (NOV_Cry13Aa1_50.1_ANS46780.1|NOV_Cry14Aa1_44.0_PGW42274.1)	unknown	unknown	NOV_Cry13Aa1_50.1_ANS46780.1
74	BT_Cry8Pa1	BT_Cry1Na1;BT_Cry1Nb1	BT_Cry8Ea2	minor	domain3	1343	1714	1	604	628	1291	1297	1714	4.19933015018201e-16	100;100;100;100	25.0;33.33;50.0;50.0	100;100;100;100	100.0	100.0	100.0	100.0	78.38978668368136	81.2688821752266	78.19548872180451	75.704989154013	100.0	100.0	100.0	100.0	52.166531794506795	55.82927700957915	49.2865545363029	51.38376383763836	56.03 (BT_Cry1Nb1|BT_Cry8Pa1)	49.29 (BT_Cry1Na1|BT_Cry8Pa1)	52.77 (BT_Cry1Na1|BT_Cry8Pa1)	62.782626405186704	82.370820668693	54.3583535108959	51.6187050359712	82.37 (BT_Cry8Ea2|BT_Cry8Pa1)	54.36 (BT_Cry8Ea2|BT_Cry8Pa1)	51.62 (BT_Cry8Ea2|BT_Cry8Pa1)	52.360920280370046	54.95307917888565	50.18703503603105	51.94264662619346	55.45 (BT_Cry1Na1|BT_Cry8Ea2)	50.19 (BT_Cry1Nb1|BT_Cry8Ea2)	53.35 (BT_Cry1Nb1|BT_Cry8Ea2)	BT_Cry8Ea2;BT_Cry8Ja1	event_22(NOV_Cry8Ba1_88.6_AEP25412.1)	unknown
75	NOV_Cry32Ta1_48.0_AQX37180.1	BT_Cry32Qa1	BT_Cry32Va1;NOV_Cry32Va1_61.0_WP_134996253.1	no	domain1	1	536	1	676	700	1369	1399	1807	1.7171695875167197e-17	100;100;100;100	100;100;100;100	50.0;50.0;33.33;33.33	100.0	100.0	100.0	100.0	100.0	100.0	100.0	100.0	80.30749505463456	89.6142433234421	88.25214899713471	63.0560928433269	58.788463683427324	68.9393939393939	50.17261219792871	57.2533849129594	68.94 (BT_Cry32Qa1|NOV_Cry32Ta1_48.0_AQX37180.1)	50.17 (BT_Cry32Qa1|NOV_Cry32Ta1_48.0_AQX37180.1)	57.25 (BT_Cry32Qa1|NOV_Cry32Ta1_48.0_AQX37180.1)	55.12931804600377	54.5901609847043	56.18569573469185	54.61209741861515	55.14 (NOV_Cry32Ta1_48.0_AQX37180.1|NOV_Cry32Va1_61.0_WP_134996253.1)	56.74 (NOV_Cry32Ta1_48.0_AQX37180.1|NOV_Cry32Va1_61.0_WP_134996253.1)	55.02 (NOV_Cry32Ta1_48.0_AQX37180.1|NOV_Cry32Va1_61.0_WP_134996253.1)	54.61529649261716	54.8156956004756	50.52468094275875	58.50551293461714	54.82 (BT_Cry32Qa1|BT_Cry32Va1)	50.88 (BT_Cry32Qa1|NOV_Cry32Va1_61.0_WP_134996253.1)	59.92 (BT_Cry32Qa1|BT_Cry32Va1)	BT_Cry32Qa1	BT_Cry32Va1;NOV_Cry32Va1_61.0_WP_134996253.1	BT_Cry32Ha1;BT_Cry32Hb1;BT_Cry32Ka1;BT_Cry32Qa1;BT_Cry32Ta1;BT_Cry32Va1;NOV_Cry32Va1_61.0_WP_134996253.1
78	NOV_Cry56Aa2_56.0_AGV55019.1	NOV_Cry56Aa4_56.4_PEU80288.1	NOV_Cry56Aa4_77.6_ARJ25668.1;BT_Cry56Aa1;NOV_Cry56Aa4_79.3_WP_103592286.1	no	domain1	1	679	1	613	652	1168	1189	1612	1.85080822158837e-22	100;100;100;100	100;100;100;100	50.0;50.0;50.0;20.0	100.0	100.0	100.0	100.0	100.0	100.0	100.0	100.0	82.77484328808254	87.14851195138228	80.67063197577836	80.50538593708697	69.19341481333066	77.3913043478261	67.9032258064516	62.28571428571429	77.39 (NOV_Cry56Aa2_56.0_AGV55019.1|NOV_Cry56Aa4_56.4_PEU80288.1)	67.9 (NOV_Cry56Aa2_56.0_AGV55019.1|NOV_Cry56Aa4_56.4_PEU80288.1)	62.29 (NOV_Cry56Aa2_56.0_AGV55019.1|NOV_Cry56Aa4_56.4_PEU80288.1)	64.55328347368008	56.00108807728604	74.16119159534867	63.49757074840554	56.42 (NOV_Cry56Aa2_56.0_AGV55019.1|NOV_Cry56Aa4_79.3_WP_103592286.1)	76.02 (NOV_Cry56Aa2_56.0_AGV55019.1|NOV_Cry56Aa4_77.6_ARJ25668.1)	63.79 (BT_Cry56Aa1|NOV_Cry56Aa2_56.0_AGV55019.1)	64.83720425175622	57.21990519257597	67.32697484187644	69.96473272081627	57.85 (NOV_Cry56Aa4_56.4_PEU80288.1|NOV_Cry56Aa4_79.3_WP_103592286.1)	69.76 (NOV_Cry56Aa4_56.4_PEU80288.1|NOV_Cry56Aa4_77.6_ARJ25668.1)	70.83 (BT_Cry56Aa1|NOV_Cry56Aa4_56.4_PEU80288.1)	NOV_Cry56Aa4_56.4_PEU80288.1	NOV_Cry56Aa4_56.4_PEU80288.1	BT_Cry56Aa1;NOV_Cry56Aa4_77.6_ARJ25668.1;NOV_Cry56Aa4_79.3_WP_103592286.1
84	NOV_Cry8Aa1_47.1_EEM92570.1	BT_Cry8Ea2	NOV_Cry8Da1_43.7_ANC11094.1	no	domain1	19	525	1	610	634	1291	1321	1774	4.8229821841733094e-18	100;100;100;100	100;100;100;100	100;100;100;100	100.0	100.0	100.0	100.0	100.0	100.0	100.0	100.0	100.0	100.0	100.0	100.0	56.92556352149796	68.4357541899441	52.3409363745498	50.0	68.44 (BT_Cry8Ea2|NOV_Cry8Aa1_47.1_EEM92570.1)	52.34 (BT_Cry8Ea2|NOV_Cry8Aa1_47.1_EEM92570.1)	50.0 (BT_Cry8Ea2|NOV_Cry8Aa1_47.1_EEM92570.1)	54.79633893386467	56.15384615384621	56.144578313253	52.0905923344948	56.15 (NOV_Cry8Aa1_47.1_EEM92570.1|NOV_Cry8Da1_43.7_ANC11094.1)	56.14 (NOV_Cry8Aa1_47.1_EEM92570.1|NOV_Cry8Da1_43.7_ANC11094.1)	52.09 (NOV_Cry8Aa1_47.1_EEM92570.1|NOV_Cry8Da1_43.7_ANC11094.1)	52.488392917379656	54.2199488491049	51.086956521739104	52.158273381295004	54.22 (BT_Cry8Ea2|NOV_Cry8Da1_43.7_ANC11094.1)	51.09 (BT_Cry8Ea2|NOV_Cry8Da1_43.7_ANC11094.1)	52.16 (BT_Cry8Ea2|NOV_Cry8Da1_43.7_ANC11094.1)	BT_Cry8Ea2	NOV_Cry8Da1_43.7_ANC11094.1	BT_Cry1Fa1;BT_Cry1Ig1;BT_Cry1Ka2;BT_Cry3Ba1;BT_Cry3Bb1;BT_Cry8Da1;BT_Cry8Ha1;BT_Cry8Hb1;NOV_Cry8Da1_43.7_ANC11094.1;NOV_Cry8Ha1_89.4_ABB29866.1;NOV_Cry8Ha1_89.8_ATY50148.1
87	BT_Cry1Be1;BT_Cry1Bj1	BT_Cry1Bf1;BT_Cry1Ba1	BT_Cry1Bh1;BT_Cry1Bb1;BT_Cry1Bd1	no	domain1	1	460	1	604	628	1258	1282	1693	4.82568316314803e-19	33.33;100.0;100.0;0.79	33.33;100.0;100.0;0.79	33.33;100.0;100.0;0.79	80.79440438420656	91.1251980982567	99.0521327014218	52.20588235294121	79.87505513654666	96.73735725938009	88.955223880597	53.9325842696629	82.98936464034801	97.1861471861472	83.2172137167765	68.56473301812035	73.50611426280508	89.04426068671431	66.95781406990315	64.51626803179782	91.43 (BT_Cry1Be1|BT_Cry1Bf1)	67.95 (BT_Cry1Ba1|BT_Cry1Be1)	100.0 (BT_Cry1Be1|BT_Cry1Bf1)	71.38988489175199	72.74467526282406	79.76055796324975	61.6644214491821	74.03 (BT_Cry1Bb1|BT_Cry1Be1)	80.6 (BT_Cry1Bb1|BT_Cry1Be1)	79.87 (BT_Cry1Bh1|BT_Cry1Bj1)	65.79061837184717	73.44219316082284	69.72960744901656	54.200054505702134	73.53 (BT_Cry1Bb1|BT_Cry1Bf1)	70.68 (BT_Cry1Bf1|BT_Cry1Bh1)	60.95 (BT_Cry1Ba1|BT_Cry1Bb1)	BT_Cry1Ba1;BT_Cry1Bf1	BT_Cry1Bb1;BT_Cry1Bd1	BT_Cry1A-like;BT_Cry1Aa10;BT_Cry1Ab12;BT_Cry1Ab2;BT_Cry1Ad1;BT_Cry1Ag1;BT_Cry1Bb1;BT_Cry1Fb1;BT_Cry1Ga2;BT_Cry1Gb1;BT_Cry1Ia11;BT_Cry1Ia18;BT_Cry1Ic1;BT_Cry1Id1;BT_Cry1Ie4;BT_Cry1Ja1;BT_Cry1Ma1;BT_Cry1Na1;BT_Cry1Nb1;BT_Cry9Ga1;NOV_Cry1Ab12_91.4_AAK14338.1;NOV_Cry1Ab32_92.7_AAK14337.1;NOV_Cry1Ad2_87.7_AIW52617.1;NOV_Cry1Da1_84.8_ABK35074.1;NOV_Cry1Ga1_77.9_AX098669.1;NOV_Cry1Ie5_79.3_PQQ47595.1
95	NOV_Cry2Ab4_93.2_AIT70915.1	BT_Cry2Al1	BT_Cry2Ag1;BT_Cry2Ab15	no	domain1	1	476	1	583	598	1213	1252	1675	8.20465356504882e-11	100;100;100;100	100;100;100;100	25.0;50.0;25.0;7.69	100.0	100.0	100.0	100.0	100.0	100.0	100.0	100.0	94.06931521059325	95.7841483979764	98.06763285024158	88.3561643835617	86.78034931788027	96.1148648648649	74.96443812233291	89.261744966443	96.11 (BT_Cry2Al1|NOV_Cry2Ab4_93.2_AIT70915.1)	74.96 (BT_Cry2Al1|NOV_Cry2Ab4_93.2_AIT70915.1)	89.26 (BT_Cry2Al1|NOV_Cry2Ab4_93.2_AIT70915.1)	90.61036623538143	84.83171345154891	94.469441319835	92.52994393476044	86.36 (BT_Cry2Ab15|NOV_Cry2Ab4_93.2_AIT70915.1)	95.24 (BT_Cry2Ab15|NOV_Cry2Ab4_93.2_AIT70915.1)	96.53 (BT_Cry2Ab15|NOV_Cry2Ab4_93.2_AIT70915.1)	80.20846754234644	83.33708320208791	73.24081127404304	84.0475081509083	84.98 (BT_Cry2Ab15|BT_Cry2Al1)	73.73 (BT_Cry2Ab15|BT_Cry2Al1)	87.83 (BT_Cry2Ab15|BT_Cry2Al1)	BT_Cry2Al1	BT_Cry2Ab12;BT_Cry2Ab15;BT_Cry2Ag1	BT_Cry2Ab15;BT_Cry2Ag1
96	NOV_Cry19Ba1_74.0_AGV55021.1	BT_Cry19Ba1	BT_Cry19Ca1	no	domain1	1	673	1	592	631	1240	1258	1666	2.8847396790125297e-13	100;100;100;100	100;100;100;100	100;100;100;100	100.0	100.0	100.0	100.0	100.0	100.0	100.0	100.0	100.0	100.0	100.0	100.0	71.09147580831485	89.297124600639	68.4647302904564	55.5125725338491	89.3 (BT_Cry19Ba1|NOV_Cry19Ba1_74.0_AGV55021.1)	68.46 (BT_Cry19Ba1|NOV_Cry19Ba1_74.0_AGV55021.1)	55.51 (BT_Cry19Ba1|NOV_Cry19Ba1_74.0_AGV55021.1)	68.56690589155521	68.3760683760684	75.0	62.3246492985972	68.38 (BT_Cry19Ca1|NOV_Cry19Ba1_74.0_AGV55021.1)	75.0 (BT_Cry19Ca1|NOV_Cry19Ba1_74.0_AGV55021.1)	62.32 (BT_Cry19Ca1|NOV_Cry19Ba1_74.0_AGV55021.1)	63.061505254903324	69.04422253922971	65.4891304347826	54.6511627906977	69.04 (BT_Cry19Ba1|BT_Cry19Ca1)	65.49 (BT_Cry19Ba1|BT_Cry19Ca1)	54.65 (BT_Cry19Ba1|BT_Cry19Ca1)	BT_Cry19Ba1	BT_Cry19Aa1;BT_Cry19Ca1	BT_Cry19Ca1
98	BT_Cry3Bb1;BT_Cry3Ba1	BT_Cry8Da1	BT_Cry3Ca1	no	domain3	1326	1686	1	613	637	1255	1285	1699	9.071915441083429e-10	100.0;100.0;100.0;100.0	100;100;100;100	100;100;100;100	91.8681802459042	92.1507064364207	90.44684129429889	93.00699300699301	100.0	100.0	100.0	100.0	100.0	100.0	100.0	100.0	55.32383437372847	54.8633810877135	50.173809507972095	60.9343125254998	54.96 (BT_Cry3Ba1|BT_Cry8Da1)	50.52 (BT_Cry3Ba1|BT_Cry8Da1)	61.4 (BT_Cry3Bb1|BT_Cry8Da1)	60.6632462420731	65.91570094298609	64.13982083076955	51.93421695246364	66.48 (BT_Cry3Ba1|BT_Cry3Ca1)	64.25 (BT_Cry3Bb1|BT_Cry3Ca1)	52.21 (BT_Cry3Bb1|BT_Cry3Ca1)	52.56874725635864	53.4351145038168	49.4868871151653	54.784240150093794	53.44 (BT_Cry3Ca1|BT_Cry8Da1)	49.49 (BT_Cry3Ca1|BT_Cry8Da1)	54.78 (BT_Cry3Ca1|BT_Cry8Da1)	BT_Cry3Ca1	BT_Cry3Aa10;BT_Cry3Ca1;NOV_Cry3Aa12_81.9_AEZ53144.1	BT_Cry8Da1
103	NOV_Cry40Da1_65.0_CAH33957.1	NOV_Cry40Da1_66.9_PEU78339.1	BT_Cry40Da1;NOV_Cry40Da1_81.5_AIN76756.1	minor	domain3	1280	1669	1	625	649	1237	1267	1669	1.66752770926974e-15	100;100;100;100	100;100;100;100	50.0;50.0;25.0;33.33	100.0	100.0	100.0	100.0	100.0	100.0	100.0	100.0	84.04706447048079	91.4798206278027	85.4889589905363	75.1724137931034	76.8946247934466	95.30516431924879	69.3409742120344	66.0377358490566	95.31 (NOV_Cry40Da1_65.0_CAH33957.1|NOV_Cry40Da1_66.9_PEU78339.1)	69.34 (NOV_Cry40Da1_65.0_CAH33957.1|NOV_Cry40Da1_66.9_PEU78339.1)	66.04 (NOV_Cry40Da1_65.0_CAH33957.1|NOV_Cry40Da1_66.9_PEU78339.1)	72.6266168378649	68.82513368983955	84.21261156059725	64.84210526315789	68.85 (NOV_Cry40Da1_65.0_CAH33957.1|NOV_Cry40Da1_81.5_AIN76756.1)	86.85 (BT_Cry40Da1|NOV_Cry40Da1_65.0_CAH33957.1)	65.47 (BT_Cry40Da1|NOV_Cry40Da1_65.0_CAH33957.1)	72.0311653592838	69.61798808135771	69.46276099369794	77.0127470027958	69.76 (NOV_Cry40Da1_66.9_PEU78339.1|NOV_Cry40Da1_81.5_AIN76756.1)	70.01 (BT_Cry40Da1|NOV_Cry40Da1_66.9_PEU78339.1)	82.98 (BT_Cry40Da1|NOV_Cry40Da1_66.9_PEU78339.1)	event_45(NOV_Cry40Da1_66.9_PEU78339.1)	event_45(BT_Cry40Da1;NOV_Cry40Da1_77.3_ARJ25823.1;NOV_Cry40Da1_81.5_AIN76756.1)	unknown
104	NOV_Cry21Aa2_44.6_AZR80772.1	BT_Cry21Ba1;BT_Cry21Aa1	BT_Cry21Fa1	major	domain3	1361	1672	1	628	640	1228	1234	1672	5.32723912299261e-15	100;100;100;100	16.67;14.29;50.0;33.33	100;100;100;100	100.0	100.0	100.0	100.0	70.58308028853153	82.69484808454429	58.16831683168321	70.8860759493671	100.0	100.0	100.0	100.0	53.512892366943674	52.1636286629854	50.647116990551794	57.7279314472938	52.6 (BT_Cry21Aa1|NOV_Cry21Aa2_44.6_AZR80772.1)	51.48 (BT_Cry21Aa1|NOV_Cry21Aa2_44.6_AZR80772.1)	59.32 (BT_Cry21Ba1|NOV_Cry21Aa2_44.6_AZR80772.1)	50.23577362134107	51.3793103448276	50.571791613723	48.7562189054726	51.38 (BT_Cry21Fa1|NOV_Cry21Aa2_44.6_AZR80772.1)	50.57 (BT_Cry21Fa1|NOV_Cry21Aa2_44.6_AZR80772.1)	48.76 (BT_Cry21Fa1|NOV_Cry21Aa2_44.6_AZR80772.1)	53.04164033565258	57.26377661959345	50.5481153111773	51.313029076187	58.09 (BT_Cry21Ba1|BT_Cry21Fa1)	50.55 (BT_Cry21Ba1|BT_Cry21Fa1)	51.57 (BT_Cry21Ba1|BT_Cry21Fa1)	unknown	unknown	BT_Cry21Aa1;BT_Cry21Ba1
107	BT_Cry52Ca1	NOV_Cry52Ca1_62.9_AZJ24464.1	BT_Cry52Aa1;BT_Cry52Ba1	major	domain2	447	1214	1	592	631	1237	1267	1663	4.86848650518389e-18	100;100;100;100	100;100;100;100	33.33;25.0;50.0;50.0	100.0	100.0	100.0	100.0	100.0	100.0	100.0	100.0	80.23585226197784	88.30769230769229	85.589519650655	66.8103448275862	67.98830869994073	69.753979739508	82.2556390977444	51.9553072625698	69.75 (BT_Cry52Ca1|NOV_Cry52Ca1_62.9_AZJ24464.1)	82.26 (BT_Cry52Ca1|NOV_Cry52Ca1_62.9_AZJ24464.1)	51.96 (BT_Cry52Ca1|NOV_Cry52Ca1_62.9_AZJ24464.1)	63.5470964078432	64.57017097344071	61.91465192770675	64.15646632238216	64.84 (BT_Cry52Ba1|BT_Cry52Ca1)	62.14 (BT_Cry52Ba1|BT_Cry52Ca1)	65.47 (BT_Cry52Ba1|BT_Cry52Ca1)	63.07154901083667	75.99303506797655	62.233408793041846	50.98820317149161	77.5 (BT_Cry52Ba1|NOV_Cry52Ca1_62.9_AZJ24464.1)	62.78 (BT_Cry52Ba1|NOV_Cry52Ca1_62.9_AZJ24464.1)	51.7 (BT_Cry52Aa1|NOV_Cry52Ca1_62.9_AZJ24464.1)	event_37(BT_Cry52Aa1;BT_Cry52Ba1;NOV_Cry52Ca1_62.9_AZJ24464.1)	NOV_Cry52Ca1_62.9_AZJ24464.1	event_37(BT_Cry40Aa1)
109	NOV_Cry69Ab1_58.0_PEU83535.1	BT_Cry69Aa1;BT_Cry69Ab1	NOV_Cry69Aa2_62.7_WP_103591151.1	no	domain3	1231	1690	1	589	613	1237	1270	1690	9.071915441083429e-10	100;100;100;100	33.33;33.33;50.0;33.33	100;100;100;100	100.0	100.0	100.0	100.0	80.81784906220791	86.3354037267081	77.63713080168779	78.4810126582278	100.0	100.0	100.0	100.0	58.82085924450485	62.6320701325667	52.1818213874327	61.64868621351515	63.41 (BT_Cry69Aa1|NOV_Cry69Ab1_58.0_PEU83535.1)	52.18 (BT_Cry69Ab1|NOV_Cry69Ab1_58.0_PEU83535.1)	62.07 (BT_Cry69Ab1|NOV_Cry69Ab1_58.0_PEU83535.1)	63.33434754555547	73.3137829912023	62.8571428571429	53.8321167883212	73.31 (NOV_Cry69Aa2_62.7_WP_103591151.1|NOV_Cry69Ab1_58.0_PEU83535.1)	62.86 (NOV_Cry69Aa2_62.7_WP_103591151.1|NOV_Cry69Ab1_58.0_PEU83535.1)	53.83 (NOV_Cry69Aa2_62.7_WP_103591151.1|NOV_Cry69Ab1_58.0_PEU83535.1)	55.8417198536065	60.3761636717904	52.90953595524106	54.23945993378806	60.48 (BT_Cry69Aa1|NOV_Cry69Aa2_62.7_WP_103591151.1)	53.28 (BT_Cry69Aa1|NOV_Cry69Aa2_62.7_WP_103591151.1)	54.93 (BT_Cry69Ab1|NOV_Cry69Aa2_62.7_WP_103591151.1)	NOV_Cry69Aa2_62.7_WP_103591151.1;NOV_Cry69Ab1_59.2_WP_103591619.1	NOV_Cry69Aa2_62.7_WP_103591151.1	BT_Cry69Aa1;BT_Cry69Ab1
112	NOV_Cry7Ea2_99.9_AFI42038.1	NOV_Cry8Ca1_41.2_AST51780.1;NOV_Cry8Ca1_42.6_ABY46520.1	NOV_Cry7Ca1_99.7_ABR67863.2	no	domain3	1285	1660	1	610	634	1273	1294	1720	2.02293818574207e-11	100;100;100;100	25.0;25.0;25.0;20.0	100;100;100;100	100.0	100.0	100.0	100.0	72.12877084069066	81.7910447761194	70.958904109589	63.636363636363605	100.0	100.0	100.0	100.0	54.345484081940775	59.6330275229358	50.897159921432504	52.506264801454	60.03 (NOV_Cry7Ea2_99.9_AFI42038.1|NOV_Cry8Ca1_41.2_AST51780.1)	51.08 (NOV_Cry7Ea2_99.9_AFI42038.1|NOV_Cry8Ca1_42.6_ABY46520.1)	52.8 (NOV_Cry7Ea2_99.9_AFI42038.1|NOV_Cry8Ca1_41.2_AST51780.1)	69.25553403157872	78.8546255506608	75.86206896551721	53.049907578558205	78.85 (NOV_Cry7Ca1_99.7_ABR67863.2|NOV_Cry7Ea2_99.9_AFI42038.1)	75.86 (NOV_Cry7Ca1_99.7_ABR67863.2|NOV_Cry7Ea2_99.9_AFI42038.1)	53.05 (NOV_Cry7Ca1_99.7_ABR67863.2|NOV_Cry7Ea2_99.9_AFI42038.1)	53.512511576032956	58.286101756744394	50.5387241914855	51.712708779868954	58.62 (NOV_Cry7Ca1_99.7_ABR67863.2|NOV_Cry8Ca1_42.6_ABY46520.1)	50.72 (NOV_Cry7Ca1_99.7_ABR67863.2|NOV_Cry8Ca1_42.6_ABY46520.1)	52.01 (NOV_Cry7Ca1_99.7_ABR67863.2|NOV_Cry8Ca1_41.2_AST51780.1)	NOV_Cry7Ca1_99.7_ABR67863.2	NOV_Cry7Ca1_86.8_AGM39664.1;NOV_Cry7Ca1_99.7_ABR67863.2	NOV_Cry8Ca1_41.2_AST51780.1;NOV_Cry8Ca1_42.6_ABY46520.1
113	BT_Cry65Aa2	NOV_Cry65Aa2_55.6_PDY37670.1	NOV_Cry32Ua1_65.2_AQM56939.1	major	domain3	1506	1905	1	814	844	1468	1501	1909	2.1094852184027402e-16	100;100;100;100	100;100;100;100	100;100;100;100	100.0	100.0	100.0	100.0	100.0	100.0	100.0	100.0	100.0	100.0	100.0	100.0	65.08560447239694	50.0	51.3888888888889	93.86792452830191	50.0 (BT_Cry65Aa2|NOV_Cry65Aa2_55.6_PDY37670.1)	51.39 (BT_Cry65Aa2|NOV_Cry65Aa2_55.6_PDY37670.1)	93.87 (BT_Cry65Aa2|NOV_Cry65Aa2_55.6_PDY37670.1)	49.406675870187065	50.0	48.7776484284051	49.4423791821561	50.0 (BT_Cry65Aa2|NOV_Cry32Ua1_65.2_AQM56939.1)	48.78 (BT_Cry65Aa2|NOV_Cry32Ua1_65.2_AQM56939.1)	49.44 (BT_Cry65Aa2|NOV_Cry32Ua1_65.2_AQM56939.1)	50.22522522522523	50.0	50.675675675675706	50.0	50.0 (NOV_Cry32Ua1_65.2_AQM56939.1|NOV_Cry65Aa2_55.6_PDY37670.1)	50.68 (NOV_Cry32Ua1_65.2_AQM56939.1|NOV_Cry65Aa2_55.6_PDY37670.1)	50.0 (NOV_Cry32Ua1_65.2_AQM56939.1|NOV_Cry65Aa2_55.6_PDY37670.1)	unknown	unknown	NOV_Cry65Aa2_55.6_PDY37670.1
119	BT_Cry14Ab1	NOV_Cry14Ab1_85.6_AXE15628.1	BT_Cry14Aa1	no	domain1	1	764	1	673	703	1312	1354	1780	1.21765095196989e-14	100;100;100;100	100;100;100;100	100;100;100;100	100.0	100.0	100.0	100.0	100.0	100.0	100.0	100.0	100.0	100.0	100.0	100.0	85.16595232907234	92.5501432664757	71.4870395634379	91.46067415730342	92.55 (BT_Cry14Ab1|NOV_Cry14Ab1_85.6_AXE15628.1)	71.49 (BT_Cry14Ab1|NOV_Cry14Ab1_85.6_AXE15628.1)	91.46 (BT_Cry14Ab1|NOV_Cry14Ab1_85.6_AXE15628.1)	84.276908542737	79.6791443850267	84.5801526717557	88.57142857142858	79.68 (BT_Cry14Aa1|BT_Cry14Ab1)	84.58 (BT_Cry14Aa1|BT_Cry14Ab1)	88.57 (BT_Cry14Aa1|BT_Cry14Ab1)	80.67100196292547	80.88829071332441	72.13793103448279	88.9867841409692	80.89 (BT_Cry14Aa1|NOV_Cry14Ab1_85.6_AXE15628.1)	72.14 (BT_Cry14Aa1|NOV_Cry14Ab1_85.6_AXE15628.1)	88.99 (BT_Cry14Aa1|NOV_Cry14Ab1_85.6_AXE15628.1)	NOV_Cry14Ab1_85.6_AXE15628.1	BT_Cry14Aa1	BT_Cry14Aa1
