ID	Rec	Min_par	Maj_par	Unknown_flag	Type	start	stop	d1_start	d1_stop	d2_start	d2_stop	d3_start	d3_stop	Pval	rec_tree_cons:f|1|2|3	min_tree_cons	maj_tree_cons	rec_a	rec_1	rec_2	rec_3	min_a	min_1	min_2	min_3	maj_a	maj_1	maj_2	maj_3	r_min_a	r_min_1	r_min_2	r_min_3	r_min_1_pair	r_min_2_pair	r_min_3_pair	r_maj_a	r_maj_1	r_maj_2	r_maj_3	r_maj_1_pair	r_maj_2_pair	r_maj_3_pair	max_min_a	max_min_1	max_min_2	max_min_3	max_min_1_pair	max_min_2_pair	max_min_3_pair	parent_1	parent_2	parent_3
0	BT_Cry8Ja1	BT_Cry8Ca1	BT_Cry8Ea2	no	domain3	1258	1714	1	598	622	1234	1276	1714	6.66117351324255E-96	100;100;100;100	100;100;100;100	100;100;100;100	100	100	100	100	100	100	100	100	100	100	100	100	70.2276141564476	59.5744680851064	51.1083743842365	100	59.57 (BT_Cry8Ca1|BT_Cry8Ja1)	51.11 (BT_Cry8Ca1|BT_Cry8Ja1)	100.0 (BT_Cry8Ca1|BT_Cry8Ja1)	82.6633024950939	100	99.0243902439024	48.9655172413793	100.0 (BT_Cry8Ea2|BT_Cry8Ja1)	99.02 (BT_Cry8Ea2|BT_Cry8Ja1)	48.97 (BT_Cry8Ea2|BT_Cry8Ja1)	53.154164850526	59.5744680851064	50.9225092250922	48.9655172413793	59.57 (BT_Cry8Ca1|BT_Cry8Ea2)	50.92 (BT_Cry8Ca1|BT_Cry8Ea2)	48.97 (BT_Cry8Ca1|BT_Cry8Ea2)	BT_Cry8Ea2	BT_Cry8Ea2	BT_Cry8Ca1
2	NOV_Cry1Da1_84.8_ABK35074.1	BT_Cry1A-like;NOV_Cry1Ad2_87.7_AIW52617.1	BT_Cry1Da1;BT_Cry1Db1;NOV_Cry1Da1_83.2_AIW52615.1	no	domain3	1292	1636	1	601	625	1201	1228	1639	5.00736297597416E-78	100;100;100;100	25.0;25.0;50.0;10.0	25.0;25.0;50.0;10.0	100	100	100	100	65.9517069444551	47.2644376899696	56.9364161849711	93.6542669584245	78.1652810147838	78.913643557791	75.4787860974227	80.1034133891376	61.5541094390556	52.143432715552	48.7509912767645	83.7679043248505	57.25 (NOV_Cry1Ad2_87.7_AIW52617.1|NOV_Cry1Da1_84.8_ABK35074.1)	50.39 (NOV_Cry1Ad2_87.7_AIW52617.1|NOV_Cry1Da1_84.8_ABK35074.1)	85.62 (BT_Cry1A-like|NOV_Cry1Da1_84.8_ABK35074.1)	68.9534128644437	65.2258855578775	82.8916976731059	58.7426553623476	69.44 (BT_Cry1Da1|NOV_Cry1Da1_84.8_ABK35074.1)	94.59 (BT_Cry1Da1|NOV_Cry1Da1_84.8_ABK35074.1)	58.86 (BT_Cry1Db1|NOV_Cry1Da1_84.8_ABK35074.1)	51.8316782475916	53.4103867308168	48.9336515908502	53.1509964211078	58.89 (BT_Cry1Da1|NOV_Cry1Ad2_87.7_AIW52617.1)	50.39 (BT_Cry1Db1|NOV_Cry1Ad2_87.7_AIW52617.1)	54.7 (BT_Cry1A-like|NOV_Cry1Da1_83.2_AIW52615.1)	BT_Cry1A-like;BT_Cry1Aa10;BT_Cry1Ab12;BT_Cry1Ab2;BT_Cry1Ac39;BT_Cry1Ad1;BT_Cry1Ag1;BT_Cry1Ah2;BT_Cry1Ai1;BT_Cry1Da1;BT_Cry1Db1;BT_Cry1Ea10;BT_Cry1Eb1;NOV_Cry1Ab12_91.4_AAK14338.1;NOV_Cry1Ab32_92.7_AAK14337.1;NOV_Cry1Ac23_90.7_CAQ03747.1;NOV_Cry1Ad2_87.7_AIW52617.1;NOV_Cry1Da1_83.2_AIW52615.1;NOV_Cry1Ea10_93.2_AAX86871.1	BT_Cry1Da1	BT_Cry1A-like;BT_Cry1Aa10;BT_Cry1Ab12;BT_Cry1Ab2;BT_Cry1Ad1;BT_Cry1Ag1;NOV_Cry1Ab12_91.4_AAK14338.1;NOV_Cry1Ab32_92.7_AAK14337.1;NOV_Cry1Ad2_87.7_AIW52617.1
3	NOV_Cry7Ba1_84.3_AFI42043.1	BT_Cry7Ac1	BT_Cry7Ba1	no	domain3	1391	1711	1	598	628	1264	1288	1711	1.56635601892342E-73	100;100;100;100	100;100;100;100	100;100;100;100	100	100	100	100	100	100	100	100	100	100	100	100	64.2502625861982	55.46875	50.3640776699029	86.9179600886918	55.47 (BT_Cry7Ac1|NOV_Cry7Ba1_84.3_AFI42043.1)	50.36 (BT_Cry7Ac1|NOV_Cry7Ba1_84.3_AFI42043.1)	86.92 (BT_Cry7Ac1|NOV_Cry7Ba1_84.3_AFI42043.1)	78.3895571322543	88.9240506329114	87.7218934911243	58.5227272727273	88.92 (BT_Cry7Ba1|NOV_Cry7Ba1_84.3_AFI42043.1)	87.72 (BT_Cry7Ba1|NOV_Cry7Ba1_84.3_AFI42043.1)	58.52 (BT_Cry7Ba1|NOV_Cry7Ba1_84.3_AFI42043.1)	54.4284552247138	56.6929133858268	51.2851897184823	55.3072625698324	56.69 (BT_Cry7Ac1|BT_Cry7Ba1)	51.29 (BT_Cry7Ac1|BT_Cry7Ba1)	55.31 (BT_Cry7Ac1|BT_Cry7Ba1)	BT_Cry7Ba1	BT_Cry7Ba1	BT_Cry7Ac1
6	BT_Cry24Ca1	BT_Cry40Ba1	BT_Cry24Da1	no	domain3	1369	1732	1	634	658	1306	1333	1732	3.75861913117583E-66	100;100;100;100	100;100;100;100	100;100;100;100	100	100	100	100	100	100	100	100	100	100	100	100	65.0834173177972	52.6881720430108	51.4563106796116	91.1057692307692	52.69 (BT_Cry24Ca1|BT_Cry40Ba1)	51.46 (BT_Cry24Ca1|BT_Cry40Ba1)	91.11 (BT_Cry24Ca1|BT_Cry40Ba1)	76.2992215702479	87.0014771048745	86.7435158501441	55.1526717557252	87.0 (BT_Cry24Ca1|BT_Cry24Da1)	86.74 (BT_Cry24Ca1|BT_Cry24Da1)	55.15 (BT_Cry24Ca1|BT_Cry24Da1)	52.5055696688834	52.6881720430108	50.5428226779252	54.2857142857143	52.69 (BT_Cry24Da1|BT_Cry40Ba1)	50.54 (BT_Cry24Da1|BT_Cry40Ba1)	54.29 (BT_Cry24Da1|BT_Cry40Ba1)	BT_Cry24Da1	BT_Cry24Da1	BT_Cry40Ba1
8	BT_Cry71Aa1	BT_Cry72Aa1	NOV_Cry71Aa1_65.9_PEU78325.1	no	domain3	1370	1774	1	601	625	1276	1306	1774	1.59387043178865E-65	100;100;100;100	100;100;100;100	100;100;100;100	100	100	100	100	100	100	100	100	100	100	100	100	61.223888117311	52.3316062176166	49.4687131050767	81.8713450292398	52.33 (BT_Cry71Aa1|BT_Cry72Aa1)	49.47 (BT_Cry71Aa1|BT_Cry72Aa1)	81.87 (BT_Cry71Aa1|BT_Cry72Aa1)	68.5165463156887	68.5240963855422	85.734664764622	51.2908777969019	68.52 (BT_Cry71Aa1|NOV_Cry71Aa1_65.9_PEU78325.1)	85.73 (BT_Cry71Aa1|NOV_Cry71Aa1_65.9_PEU78325.1)	51.29 (BT_Cry71Aa1|NOV_Cry71Aa1_65.9_PEU78325.1)	50.1841497553333	50.8264462809917	49.4687131050767	50.2572898799314	50.83 (BT_Cry72Aa1|NOV_Cry71Aa1_65.9_PEU78325.1)	49.47 (BT_Cry72Aa1|NOV_Cry71Aa1_65.9_PEU78325.1)	50.26 (BT_Cry72Aa1|NOV_Cry71Aa1_65.9_PEU78325.1)	NOV_Cry71Aa1_65.9_PEU78325.1	NOV_Cry71Aa1_65.9_PEU78325.1	BT_Cry72Aa1
10	NOV_Cry7Ca1_86.8_AGM39664.1	BT_Cry7Ha1	NOV_Cry7Ca1_99.7_ABR67863.2	no	domain3	1300	1643	1	610	634	1270	1300	1732	1.38880405186517E-79	100;100;100;100	100;100;100;100	100;100;100;100	100	100	100	100	100	100	100	100	100	100	100	100	62.7798940422703	56.2337662337662	51.8564356435644	80.2494802494803	56.23 (BT_Cry7Ha1|NOV_Cry7Ca1_86.8_AGM39664.1)	51.86 (BT_Cry7Ha1|NOV_Cry7Ca1_86.8_AGM39664.1)	80.25 (BT_Cry7Ha1|NOV_Cry7Ca1_86.8_AGM39664.1)	83.1773731622353	99.3453355155483	99.3730407523511	50.8137432188065	99.35 (NOV_Cry7Ca1_86.8_AGM39664.1|NOV_Cry7Ca1_99.7_ABR67863.2)	99.37 (NOV_Cry7Ca1_86.8_AGM39664.1|NOV_Cry7Ca1_99.7_ABR67863.2)	50.81 (NOV_Cry7Ca1_86.8_AGM39664.1|NOV_Cry7Ca1_99.7_ABR67863.2)	53.4442138676372	55.8290155440414	52.0446096654275	52.4590163934426	55.83 (BT_Cry7Ha1|NOV_Cry7Ca1_99.7_ABR67863.2)	52.04 (BT_Cry7Ha1|NOV_Cry7Ca1_99.7_ABR67863.2)	52.46 (BT_Cry7Ha1|NOV_Cry7Ca1_99.7_ABR67863.2)	NOV_Cry7Ca1_99.7_ABR67863.2	NOV_Cry7Ca1_99.7_ABR67863.2	BT_Cry7Ha1
13	NOV_Cry4Ba1_63.7_AJW76684.1	BT_Cry50Ba1	NOV_Cry4Ba1_63.8_OUB35623.1	no	domain3	1285	1714	1	619	667	1222	1252	1714	2.07402718023579E-54	100;100;100;100	100;100;100;100	100;100;100;100	100	100	100	100	100	100	100	100	100	100	100	100	74.3359123887991	51.4851485148515	78.7539936102236	92.7685950413223	51.49 (BT_Cry50Ba1|NOV_Cry4Ba1_63.7_AJW76684.1)	78.75 (BT_Cry50Ba1|NOV_Cry4Ba1_63.7_AJW76684.1)	92.77 (BT_Cry50Ba1|NOV_Cry4Ba1_63.7_AJW76684.1)	82.0575798470536	90.1538461538462	91.2820512820513	64.7368421052632	90.15 (NOV_Cry4Ba1_63.7_AJW76684.1|NOV_Cry4Ba1_63.8_OUB35623.1)	91.28 (NOV_Cry4Ba1_63.7_AJW76684.1|NOV_Cry4Ba1_63.8_OUB35623.1)	64.74 (NOV_Cry4Ba1_63.7_AJW76684.1|NOV_Cry4Ba1_63.8_OUB35623.1)	64.2570335598864	52.2388059701493	78.4810126582278	62.0512820512821	52.24 (BT_Cry50Ba1|NOV_Cry4Ba1_63.8_OUB35623.1)	78.48 (BT_Cry50Ba1|NOV_Cry4Ba1_63.8_OUB35623.1)	62.05 (BT_Cry50Ba1|NOV_Cry4Ba1_63.8_OUB35623.1)	NOV_Cry4Ba1_63.8_OUB35623.1	NOV_Cry4Ba1_63.8_OUB35623.1	BT_Cry50Ba1
14	BT_Cry1Cb1	BT_Cry1Eb1	BT_Cry1Ca11	no	domain3	1224	1557	1	604	637	1225	1252	1660	2.52746788663148E-54	100;100;100;100	100;100;100;100	100;100;100;100	100	100	100	100	100	100	100	100	100	100	100	100	66.4007058505971	58.9403973509934	53.5340314136126	86.7276887871854	58.94 (BT_Cry1Cb1|BT_Cry1Eb1)	53.53 (BT_Cry1Cb1|BT_Cry1Eb1)	86.73 (BT_Cry1Cb1|BT_Cry1Eb1)	78.5980180956484	90.521327014218	90.9090909090909	54.3636363636364	90.52 (BT_Cry1Ca11|BT_Cry1Cb1)	90.91 (BT_Cry1Ca11|BT_Cry1Cb1)	54.36 (BT_Cry1Ca11|BT_Cry1Cb1)	55.0569665315332	58.311345646438	53.3333333333333	53.5262206148282	58.31 (BT_Cry1Ca11|BT_Cry1Eb1)	53.33 (BT_Cry1Ca11|BT_Cry1Eb1)	53.53 (BT_Cry1Ca11|BT_Cry1Eb1)	BT_Cry1Ca11	BT_Cry1Ca11	BT_Cry1Be1;BT_Cry1Bf1;BT_Cry1Bg1;BT_Cry1Eb1
17	BT_Cry1Fa1	BT_Cry1Ig1	BT_Cry1Fb1	no	domain3	1231	1660	1	604	628	1219	1249	1660	2.09675279194536E-51	100;100;100;100	100;100;100;100	100;100;100;100	100	100	100	100	100	100	100	100	100	100	100	100	60.5035320908654	52.0807061790668	52.2443890274314	77.1855010660981	52.08 (BT_Cry1Fa1|BT_Cry1Ig1)	52.24 (BT_Cry1Fa1|BT_Cry1Ig1)	77.19 (BT_Cry1Fa1|BT_Cry1Ig1)	83.4042015452979	94.2028985507247	95.6953642384106	60.3143418467583	94.2 (BT_Cry1Fa1|BT_Cry1Fb1)	95.7 (BT_Cry1Fa1|BT_Cry1Fb1)	60.31 (BT_Cry1Fa1|BT_Cry1Fb1)	54.4931886579884	52.4652338811631	52.0547945205479	58.9595375722543	52.47 (BT_Cry1Fb1|BT_Cry1Ig1)	52.05 (BT_Cry1Fb1|BT_Cry1Ig1)	58.96 (BT_Cry1Fb1|BT_Cry1Ig1)	BT_Cry1Fb1	BT_Cry1Fb1	BT_Cry1Ig1;BT_Cry1Ka2
19	BT_Cry9Ga1	BT_Cry1Gb1	BT_Cry9Aa1	no	domain3	1336	1744	1	637	661	1303	1336	1744	1.75834688357883E-50	100;100;100;100	100;100;100;100	100;100;100;100	100	100	100	100	100	100	100	100	100	100	100	100	56.2466067442843	49.2700729927007	49.6350364963504	69.8347107438017	49.27 (BT_Cry1Gb1|BT_Cry9Ga1)	49.64 (BT_Cry1Gb1|BT_Cry9Ga1)	69.83 (BT_Cry1Gb1|BT_Cry9Ga1)	80.0234353992418	97.8227060653188	87.719298245614	54.5283018867925	97.82 (BT_Cry9Aa1|BT_Cry9Ga1)	87.72 (BT_Cry9Aa1|BT_Cry9Ga1)	54.53 (BT_Cry9Aa1|BT_Cry9Ga1)	51.3154233213355	49.4518879415347	50	54.4943820224719	49.45 (BT_Cry1Gb1|BT_Cry9Aa1)	50.0 (BT_Cry1Gb1|BT_Cry9Aa1)	54.49 (BT_Cry1Gb1|BT_Cry9Aa1)	BT_Cry9Aa1	BT_Cry9Aa1	BT_Cry1Ga2;BT_Cry1Gb1
22	BT_Cry8Pa1	NOV_Cry8Ba1_88.6_AEP25412.1	BT_Cry8Ba1	major	domain2	542	1185	1	604	628	1291	1297	1714	1.80982229435009E-47	100;100;100;100	100;100;100;100	100;100;100;100	100	100	100	100	100	100	100	100	100	100	100	100	72.1684667754958	75.4716981132076	93.75	47.2837022132797	75.47 (BT_Cry8Pa1|NOV_Cry8Ba1_88.6_AEP25412.1)	93.75 (BT_Cry8Pa1|NOV_Cry8Ba1_88.6_AEP25412.1)	47.28 (BT_Cry8Pa1|NOV_Cry8Ba1_88.6_AEP25412.1)	64.9785194932885	74.7109826589595	71.0353866317169	49.1891891891892	74.71 (BT_Cry8Ba1|BT_Cry8Pa1)	71.04 (BT_Cry8Ba1|BT_Cry8Pa1)	49.19 (BT_Cry8Ba1|BT_Cry8Pa1)	82.8255872046975	97.0731707317073	74.7612551159618	76.6423357664234	97.07 (BT_Cry8Ba1|NOV_Cry8Ba1_88.6_AEP25412.1)	74.76 (BT_Cry8Ba1|NOV_Cry8Ba1_88.6_AEP25412.1)	76.64 (BT_Cry8Ba1|NOV_Cry8Ba1_88.6_AEP25412.1)	event_74(BT_Cry8Ea2;BT_Cry8Ja1)	NOV_Cry8Ba1_88.6_AEP25412.1	event_74(unknown)
23	BT_Cry52Ba1	BT_Cry40Aa1	NOV_Cry52Ca1_62.9_AZJ24464.1	no	domain3	1363	1702	1	610	652	1288	1312	1702	2.50297015500022E-45	100;100;100;100	100;100;100;100	100;100;100;100	100	100	100	100	100	100	100	100	100	100	100	100	57.5946322782231	49.3039443155452	49.2647058823529	74.2152466367713	49.3 (BT_Cry40Aa1|BT_Cry52Ba1)	49.26 (BT_Cry40Aa1|BT_Cry52Ba1)	74.22 (BT_Cry40Aa1|BT_Cry52Ba1)	63.5176910835979	77.4962742175857	62.778505897772	50.278293135436	77.5 (BT_Cry52Ba1|NOV_Cry52Ca1_62.9_AZJ24464.1)	62.78 (BT_Cry52Ba1|NOV_Cry52Ca1_62.9_AZJ24464.1)	50.28 (BT_Cry52Ba1|NOV_Cry52Ca1_62.9_AZJ24464.1)	50.1239273172434	48.5849056603774	50.379746835443	51.4071294559099	48.58 (BT_Cry40Aa1|NOV_Cry52Ca1_62.9_AZJ24464.1)	50.38 (BT_Cry40Aa1|NOV_Cry52Ca1_62.9_AZJ24464.1)	51.41 (BT_Cry40Aa1|NOV_Cry52Ca1_62.9_AZJ24464.1)	NOV_Cry52Ca1_62.9_AZJ24464.1	BT_Cry52Ca1;NOV_Cry52Ca1_62.9_AZJ24464.1	BT_Cry40Aa1;BT_Cry52Ca1
24	BT_Cry1Ig1	BT_Cry1Ka2	BT_Cry1Ia11;BT_Cry1Ia18;BT_Cry1Ic1;BT_Cry1Id1;BT_Cry1Ie4	no	domain3	1263	1696	1	604	628	1258	1276	1696	4.41858193216353E-43	100;100;100;100	100;100;100;100	16.67;33.33;50.0;50.0	100	100	100	100	100	100	100	100	85.3686884397466	80.2810098614916	87.2484254434339	88.5766300143144	66.6286559498968	60.8	58.1749049429658	80.9110629067245	60.8 (BT_Cry1Ig1|BT_Cry1Ka2)	58.17 (BT_Cry1Ig1|BT_Cry1Ka2)	80.91 (BT_Cry1Ig1|BT_Cry1Ka2)	74.6198963414487	77.1604119645054	89.1357369619024	57.5635400979383	81.08 (BT_Cry1Id1|BT_Cry1Ig1)	95.65 (BT_Cry1Ia11|BT_Cry1Ig1)	59.16 (BT_Cry1Id1|BT_Cry1Ig1)	58.7655366877295	61.5037760155738	57.5327537769126	57.2600802707022	62.53 (BT_Cry1Ia11|BT_Cry1Ka2)	58.58 (BT_Cry1Id1|BT_Cry1Ka2)	58.62 (BT_Cry1Id1|BT_Cry1Ka2)	BT_Cry1Ia11;BT_Cry1Ia18;BT_Cry1Ic1;BT_Cry1Ie4;NOV_Cry1Ie5_79.3_PQQ47595.1	BT_Cry1Ia11	BT_Cry1Ka2
27	NOV_Cry41Ba2_43.6_BAD35163.1	NOV_Cry32Ma1_57.7_AXY11484.1	NOV_Cry41Ba2_47.9_BAD35157.1	no	domain3	1321	1786	1	703	727	1336	1360	1786	2.35967624962378E-37	100;100;100;100	100;100;100;100	100;100;100;100	100	100	100	100	100	100	100	100	100	100	100	100	59.1072447926826	54.5652173913043	54.0436456996149	68.7128712871287	54.57 (NOV_Cry32Ma1_57.7_AXY11484.1|NOV_Cry41Ba2_43.6_BAD35163.1)	54.04 (NOV_Cry32Ma1_57.7_AXY11484.1|NOV_Cry41Ba2_43.6_BAD35163.1)	68.71 (NOV_Cry32Ma1_57.7_AXY11484.1|NOV_Cry41Ba2_43.6_BAD35163.1)	83.9149501607701	100	98.694942903752	53.0499075785582	100.0 (NOV_Cry41Ba2_43.6_BAD35163.1|NOV_Cry41Ba2_47.9_BAD35157.1)	98.69 (NOV_Cry41Ba2_43.6_BAD35163.1|NOV_Cry41Ba2_47.9_BAD35157.1)	53.05 (NOV_Cry41Ba2_43.6_BAD35163.1|NOV_Cry41Ba2_47.9_BAD35157.1)	53.6983503120744	54.5652173913043	54.0436456996149	52.4861878453039	54.57 (NOV_Cry32Ma1_57.7_AXY11484.1|NOV_Cry41Ba2_47.9_BAD35157.1)	54.04 (NOV_Cry32Ma1_57.7_AXY11484.1|NOV_Cry41Ba2_47.9_BAD35157.1)	52.49 (NOV_Cry32Ma1_57.7_AXY11484.1|NOV_Cry41Ba2_47.9_BAD35157.1)	NOV_Cry41Ba2_47.9_BAD35157.1	NOV_Cry41Ba2_47.9_BAD35157.1	NOV_Cry32Ma1_57.7_AXY11484.1
28	BT_Cry7Cb1	NOV_Cry7Cb1_60.4_OTY00887.1	NOV_Cry7Ca1_99.7_ABR67863.2;NOV_Cry7Ca1_86.8_AGM39664.1;NOV_Cry7Ea2_99.9_AFI42038.1	no	domain3	1282	1759	1	610	634	1297	1327	1759	9.86245315490051E-37	100;100;100;100	100;100;100;100	33.33;33.33;33.33;50.0	100	100	100	100	100	100	100	100	73.7953785189779	85.8604681217261	83.6183148095374	51.9073526256702	59.14250151534	55.6532663316583	52.2860492379836	69.488188976378	55.65 (BT_Cry7Cb1|NOV_Cry7Cb1_60.4_OTY00887.1)	52.29 (BT_Cry7Cb1|NOV_Cry7Cb1_60.4_OTY00887.1)	69.49 (BT_Cry7Cb1|NOV_Cry7Cb1_60.4_OTY00887.1)	68.0660447466353	85.0536207765979	68.6166398339852	50.5278736293229	88.84 (BT_Cry7Cb1|NOV_Cry7Ca1_86.8_AGM39664.1)	69.97 (BT_Cry7Cb1|NOV_Cry7Ea2_99.9_AFI42038.1)	51.32 (BT_Cry7Cb1|NOV_Cry7Ea2_99.9_AFI42038.1)	51.5961308205047	54.1684479222815	50.7103402686744	49.9096042705582	54.3 (NOV_Cry7Cb1_60.4_OTY00887.1|NOV_Cry7Ea2_99.9_AFI42038.1)	50.71 (NOV_Cry7Ca1_99.7_ABR67863.2|NOV_Cry7Cb1_60.4_OTY00887.1)	50.26 (NOV_Cry7Ca1_86.8_AGM39664.1|NOV_Cry7Cb1_60.4_OTY00887.1)	NOV_Cry7Ca1_86.8_AGM39664.1;NOV_Cry7Ca1_99.7_ABR67863.2	NOV_Cry7Ca1_86.8_AGM39664.1;NOV_Cry7Ca1_99.7_ABR67863.2;NOV_Cry7Ea2_99.9_AFI42038.1	NOV_Cry7Cb1_60.4_OTY00887.1
29	BT_Cry50Ba1;BT_Cry4Ba1;BT_Cry4Ba3;BT_Cry50Aa1;NOV_Cry4Ba1_63.8_OUB35623.1	BT_Cry30Fa1;BT_Cry30Aa1;BT_Cry30Ca1;BT_Cry30Ea1;BT_Cry30Ga1	BT_Cry19Aa1	no	domain3	1295	1711	1	607	655	1219	1240	1711	1.50083416362365E-36	83.33;3.7;83.33;1.36	83.33;3.7;83.33;1.36	100;100;100;100	67.7223809914626	60.6822797590765	73.8565040095812	68.62835920573	73.8020998713074	69.7845948384414	71.2126734129718	80.409031362509	100	100	100	100	56.7900946748496	51.775969529846	52.4828013745197	66.1115131201831	52.75 (BT_Cry30Ca1|NOV_Cry4Ba1_63.8_OUB35623.1)	54.33 (BT_Cry30Fa1|NOV_Cry4Ba1_63.8_OUB35623.1)	81.87 (BT_Cry30Fa1|BT_Cry50Ba1)	52.1547240103927	54.5637743238232	51.6387217810142	50.2616759263408	55.12 (BT_Cry19Aa1|NOV_Cry4Ba1_63.8_OUB35623.1)	52.16 (BT_Cry19Aa1|BT_Cry4Ba1)	52.32 (BT_Cry19Aa1|NOV_Cry4Ba1_63.8_OUB35623.1)	51.2419988443133	52.6628194744499	50.3305540766931	50.7326229817968	53.53 (BT_Cry19Aa1|BT_Cry30Aa1)	51.12 (BT_Cry19Aa1|BT_Cry30Fa1)	51.57 (BT_Cry19Aa1|BT_Cry30Aa1)	BT_Cry19Aa1	BT_Cry19Aa1	BT_Cry30Aa1;BT_Cry30Ca1;BT_Cry30Ea1;BT_Cry30Fa1;BT_Cry30Ga1
32	BT_Cry7Bb1	BT_Cry7Ac1	BT_Cry7Ba1	no	domain3	1397	1700	1	604	634	1267	1291	1717	7.02393361187483E-35	100;100;100;100	100;100;100;100	100;100;100;100	100	100	100	100	100	100	100	100	100	100	100	100	58.6066597927235	53.6491677336748	50.9157509157509	71.2550607287449	53.65 (BT_Cry7Ac1|BT_Cry7Bb1)	50.92 (BT_Cry7Ac1|BT_Cry7Bb1)	71.26 (BT_Cry7Ac1|BT_Cry7Bb1)	67.7375264758106	70.697012802276	73.4246575342466	59.0909090909091	70.7 (BT_Cry7Ba1|BT_Cry7Bb1)	73.42 (BT_Cry7Ba1|BT_Cry7Bb1)	59.09 (BT_Cry7Ba1|BT_Cry7Bb1)	54.4284552247138	56.6929133858268	51.2851897184823	55.3072625698324	56.69 (BT_Cry7Ac1|BT_Cry7Ba1)	51.29 (BT_Cry7Ac1|BT_Cry7Ba1)	55.31 (BT_Cry7Ac1|BT_Cry7Ba1)	BT_Cry7Ba1;NOV_Cry7Ba1_84.3_AFI42043.1	BT_Cry7Ba1;NOV_Cry7Ba1_84.3_AFI42043.1	BT_Cry7Ac1;NOV_Cry7Ba1_84.3_AFI42043.1
34	NOV_Cry14Ab1_42.4_PGW46196.1	NOV_Cry14Aa1_44.0_PGW42274.1	NOV_Cry14Aa1_41.1_PGW46198.1	no	domain1	1	738	1	679	697	1366	1372	1831	2.07932203031603E-34	100;100;100;100	100;100;100;100	100;100;100;100	100	100	100	100	100	100	100	100	100	100	100	100	63.3331014655097	77.7195281782438	58.0985915492958	54.1811846689896	77.72 (NOV_Cry14Aa1_44.0_PGW42274.1|NOV_Cry14Ab1_42.4_PGW46196.1)	58.1 (NOV_Cry14Aa1_44.0_PGW42274.1|NOV_Cry14Ab1_42.4_PGW46196.1)	54.18 (NOV_Cry14Aa1_44.0_PGW42274.1|NOV_Cry14Ab1_42.4_PGW46196.1)	75.5363560110122	55.6571428571429	90.5982905982906	80.3536345776032	55.66 (NOV_Cry14Aa1_41.1_PGW46198.1|NOV_Cry14Ab1_42.4_PGW46196.1)	90.6 (NOV_Cry14Aa1_41.1_PGW46198.1|NOV_Cry14Ab1_42.4_PGW46196.1)	80.35 (NOV_Cry14Aa1_41.1_PGW46198.1|NOV_Cry14Ab1_42.4_PGW46196.1)	56.360253083482	56.551724137931	56.993006993007	55.5360281195079	56.55 (NOV_Cry14Aa1_41.1_PGW46198.1|NOV_Cry14Aa1_44.0_PGW42274.1)	56.99 (NOV_Cry14Aa1_41.1_PGW46198.1|NOV_Cry14Aa1_44.0_PGW42274.1)	55.54 (NOV_Cry14Aa1_41.1_PGW46198.1|NOV_Cry14Aa1_44.0_PGW42274.1)	NOV_Cry14Aa1_44.0_PGW42274.1	NOV_Cry14Aa1_41.1_PGW46198.1	NOV_Cry14Aa1_41.1_PGW46198.1
36	BT_Cry32Wa1	BT_Cry32Pa1	BT_Cry32Ma1;BT_Cry32Mb1	no	domain3	1291	1707	1	685	715	1282	1315	1711	1.13020844595917E-33	100;100;100;100	100;100;100;100	33.33;33.33;20.0;50.0	100	100	100	100	100	100	100	100	88.2568335778865	99.1266375545851	99.6478873239437	65.9959758551308	56.8796242681593	54.5454545454545	49.4267515923567	66.6666666666667	54.55 (BT_Cry32Pa1|BT_Cry32Wa1)	49.43 (BT_Cry32Pa1|BT_Cry32Wa1)	66.67 (BT_Cry32Pa1|BT_Cry32Wa1)	75.4745448366436	85.4916106827283	85.7495103431623	55.1825134840402	85.62 (BT_Cry32Ma1|BT_Cry32Wa1)	85.9 (BT_Cry32Mb1|BT_Cry32Wa1)	55.21 (BT_Cry32Mb1|BT_Cry32Wa1)	52.7085728154632	53.7688921588189	49.0470139771283	55.3098123104424	53.85 (BT_Cry32Ma1|BT_Cry32Pa1)	49.05 (BT_Cry32Ma1|BT_Cry32Pa1)	55.73 (BT_Cry32Ma1|BT_Cry32Pa1)	BT_Cry32Ma1;BT_Cry32Mb1	BT_Cry32Ma1;BT_Cry32Mb1	BT_Cry32Pa1
37	BT_Cry52Ca1	BT_Cry40Aa1	NOV_Cry52Ca1_62.9_AZJ24464.1	no	domain3	1331	1663	1	592	631	1237	1267	1663	5.3227085765619E-33	100;100;100;100	100;100;100;100	100;100;100;100	100	100	100	100	100	100	100	100	100	100	100	100	55.6906470570339	50.5338078291815	48.8721804511278	67.6659528907923	50.53 (BT_Cry40Aa1|BT_Cry52Ca1)	48.87 (BT_Cry40Aa1|BT_Cry52Ca1)	67.67 (BT_Cry40Aa1|BT_Cry52Ca1)	67.9883086999407	69.753979739508	82.2556390977444	51.9553072625698	69.75 (BT_Cry52Ca1|NOV_Cry52Ca1_62.9_AZJ24464.1)	82.26 (BT_Cry52Ca1|NOV_Cry52Ca1_62.9_AZJ24464.1)	51.96 (BT_Cry52Ca1|NOV_Cry52Ca1_62.9_AZJ24464.1)	50.1239273172434	48.5849056603774	50.379746835443	51.4071294559099	48.58 (BT_Cry40Aa1|NOV_Cry52Ca1_62.9_AZJ24464.1)	50.38 (BT_Cry40Aa1|NOV_Cry52Ca1_62.9_AZJ24464.1)	51.41 (BT_Cry40Aa1|NOV_Cry52Ca1_62.9_AZJ24464.1)	BT_Cry52Aa1;BT_Cry52Ba1;NOV_Cry52Ca1_62.9_AZJ24464.1	event_107(NOV_Cry52Ca1_62.9_AZJ24464.1)	BT_Cry40Aa1
38	BT_Cry59Ba1	NOV_Cry40Da1_81.5_AIN76756.1;BT_Cry40Ca1;BT_Cry40Da1;NOV_Cry40Da1_65.0_CAH33957.1;NOV_Cry40Da1_77.3_ARJ25823.1	BT_Cry59Aa1	no	domain1	1	684	1	649	673	1306	1339	1723	2.13845294697327E-32	100;100;100;100	50.0;12.5;50.0;50.0	100;100;100;100	100	100	100	100	74.1323044289221	75.4049086918942	78.5337400175235	68.4582645773485	100	100	100	100	58.1732776853409	70.8467939285334	52.133436402509	51.5396027249803	73.15 (BT_Cry40Da1|BT_Cry59Ba1)	52.81 (BT_Cry40Da1|BT_Cry59Ba1)	52.1 (BT_Cry59Ba1|NOV_Cry40Da1_81.5_AIN76756.1)	75.1275291093993	53.9722572509458	85.9030837004405	85.5072463768116	53.97 (BT_Cry59Aa1|BT_Cry59Ba1)	85.9 (BT_Cry59Aa1|BT_Cry59Ba1)	85.51 (BT_Cry59Aa1|BT_Cry59Ba1)	51.8662938623331	53.195441964156	51.3409702251032	51.0624693977401	54.05 (BT_Cry59Aa1|NOV_Cry40Da1_65.0_CAH33957.1)	51.68 (BT_Cry59Aa1|NOV_Cry40Da1_65.0_CAH33957.1)	51.79 (BT_Cry59Aa1|NOV_Cry40Da1_81.5_AIN76756.1)	BT_Cry40Ba1;BT_Cry40Ca1;BT_Cry40Da1;NOV_Cry40Da1_65.0_CAH33957.1;NOV_Cry40Da1_66.9_PEU78339.1;NOV_Cry40Da1_77.3_ARJ25823.1;NOV_Cry40Da1_81.5_AIN76756.1	BT_Cry59Aa1	BT_Cry59Aa1
39	BT_Cry52Aa1	BT_Cry40Aa1	NOV_Cry52Ca1_62.9_AZJ24464.1	no	domain3	1380	1705	1	616	658	1297	1321	1705	2.17926948594395E-32	100;100;100;100	100;100;100;100	100;100;100;100	100	100	100	100	100	100	100	100	100	100	100	100	54.7327806423944	49.6527777777778	49.4492044063647	65.0963597430407	49.65 (BT_Cry40Aa1|BT_Cry52Aa1)	49.45 (BT_Cry40Aa1|BT_Cry52Aa1)	65.1 (BT_Cry40Aa1|BT_Cry52Aa1)	62.6254069380754	74.4897959183674	61.6883116883117	51.6981132075472	74.49 (BT_Cry52Aa1|NOV_Cry52Ca1_62.9_AZJ24464.1)	61.69 (BT_Cry52Aa1|NOV_Cry52Ca1_62.9_AZJ24464.1)	51.7 (BT_Cry52Aa1|NOV_Cry52Ca1_62.9_AZJ24464.1)	50.1239273172434	48.5849056603774	50.379746835443	51.4071294559099	48.58 (BT_Cry40Aa1|NOV_Cry52Ca1_62.9_AZJ24464.1)	50.38 (BT_Cry40Aa1|NOV_Cry52Ca1_62.9_AZJ24464.1)	51.41 (BT_Cry40Aa1|NOV_Cry52Ca1_62.9_AZJ24464.1)	NOV_Cry52Ca1_62.9_AZJ24464.1	BT_Cry52Ca1;NOV_Cry52Ca1_62.9_AZJ24464.1	BT_Cry40Aa1;BT_Cry52Ca1
44	BT_Cry9Ee1	BT_Cry9Bb1	BT_Cry9Ec1;BT_Cry9Ed1	no	domain3	1234	1705	1	616	643	1261	1285	1705	2.65031811680995E-29	100;100;100;100	100;100;100;100	33.33;33.33;25.0;50.0	100	100	100	100	100	100	100	100	85.8831885630342	91.588785046729	88.7022900763359	77.3584905660377	65.4979349611733	65.5313351498638	53.6319612590799	77.3305084745763	65.53 (BT_Cry9Bb1|BT_Cry9Ee1)	53.63 (BT_Cry9Bb1|BT_Cry9Ee1)	77.33 (BT_Cry9Bb1|BT_Cry9Ee1)	70.1076550830546	85.6782511210762	67.3669734863765	57.2777406417112	87.5 (BT_Cry9Ec1|BT_Cry9Ee1)	67.71 (BT_Cry9Ed1|BT_Cry9Ee1)	57.39 (BT_Cry9Ec1|BT_Cry9Ee1)	58.2861420921734	65.759938951757	52.5242588009933	56.5742285237698	66.44 (BT_Cry9Bb1|BT_Cry9Ec1)	52.71 (BT_Cry9Bb1|BT_Cry9Ec1)	56.82 (BT_Cry9Bb1|BT_Cry9Ec1)	BT_Cry9Ec1;BT_Cry9Ed1	BT_Cry9Ec1;BT_Cry9Ed1	BT_Cry9Bb1
45	NOV_Cry40Da1_65.0_CAH33957.1	NOV_Cry40Da1_66.9_PEU78339.1	BT_Cry40Da1;NOV_Cry40Da1_81.5_AIN76756.1	no	domain1	1	549	1	625	649	1237	1267	1669	4.49334253419359E-28	100;100;100;100	100;100;100;100	50.0;50.0;25.0;33.33	100	100	100	100	100	100	100	100	84.0470644704808	91.4798206278027	85.4889589905363	75.1724137931034	76.8946247934466	95.3051643192488	69.3409742120344	66.0377358490566	95.31 (NOV_Cry40Da1_65.0_CAH33957.1|NOV_Cry40Da1_66.9_PEU78339.1)	69.34 (NOV_Cry40Da1_65.0_CAH33957.1|NOV_Cry40Da1_66.9_PEU78339.1)	66.04 (NOV_Cry40Da1_65.0_CAH33957.1|NOV_Cry40Da1_66.9_PEU78339.1)	72.6266168378649	68.8251336898396	84.2126115605972	64.8421052631579	68.85 (NOV_Cry40Da1_65.0_CAH33957.1|NOV_Cry40Da1_81.5_AIN76756.1)	86.85 (BT_Cry40Da1|NOV_Cry40Da1_65.0_CAH33957.1)	65.47 (BT_Cry40Da1|NOV_Cry40Da1_65.0_CAH33957.1)	72.0311653592838	69.6179880813577	69.4627609936979	77.0127470027958	69.76 (NOV_Cry40Da1_66.9_PEU78339.1|NOV_Cry40Da1_81.5_AIN76756.1)	70.01 (BT_Cry40Da1|NOV_Cry40Da1_66.9_PEU78339.1)	82.98 (BT_Cry40Da1|NOV_Cry40Da1_66.9_PEU78339.1)	NOV_Cry40Da1_66.9_PEU78339.1	BT_Cry40Da1;NOV_Cry40Da1_77.3_ARJ25823.1;NOV_Cry40Da1_81.5_AIN76756.1	event_103(unknown)
47	BT_Cry2Ai1	BT_Cry2Ac10	BT_Cry2Aa13	no	domain1	1	502	1	580	595	1210	1249	1672	1.92524661821035E-35	100;100;100;100	100;100;100;100	100;100;100;100	100	100	100	100	100	100	100	100	100	100	100	100	82.1844567328493	97.6109215017065	69.1983122362869	79.7441364605544	97.61 (BT_Cry2Ac10|BT_Cry2Ai1)	69.2 (BT_Cry2Ac10|BT_Cry2Ai1)	79.74 (BT_Cry2Ac10|BT_Cry2Ai1)	92.8399331548436	81.2206572769953	98.7075928917609	98.5915492957747	81.22 (BT_Cry2Aa13|BT_Cry2Ai1)	98.71 (BT_Cry2Aa13|BT_Cry2Ai1)	98.59 (BT_Cry2Aa13|BT_Cry2Ai1)	77.6930050460439	82.6498422712934	69.9152542372881	80.5139186295503	82.65 (BT_Cry2Aa13|BT_Cry2Ac10)	69.92 (BT_Cry2Aa13|BT_Cry2Ac10)	80.51 (BT_Cry2Aa13|BT_Cry2Ac10)	BT_Cry2Ac10	BT_Cry2Aa13	BT_Cry2Aa13
49	NOV_Cry8Ab1_80.0_AMR06151.1	BT_Cry8Ra1	BT_Cry8Ab1	no	domain3	1329	1729	1	604	628	1291	1315	1729	1.01016599863632E-29	100;100;100;100	100;100;100;100	100;100;100;100	100	100	100	100	100	100	100	100	100	100	100	100	62.0610812692261	65.8108108108108	57.0588235294118	63.3136094674556	65.81 (BT_Cry8Ra1|NOV_Cry8Ab1_80.0_AMR06151.1)	57.06 (BT_Cry8Ra1|NOV_Cry8Ab1_80.0_AMR06151.1)	63.31 (BT_Cry8Ra1|NOV_Cry8Ab1_80.0_AMR06151.1)	79.3667186043709	89.4984326018809	93.2944606413994	55.3072625698324	89.5 (BT_Cry8Ab1|NOV_Cry8Ab1_80.0_AMR06151.1)	93.29 (BT_Cry8Ab1|NOV_Cry8Ab1_80.0_AMR06151.1)	55.31 (BT_Cry8Ab1|NOV_Cry8Ab1_80.0_AMR06151.1)	57.9884445052743	64.4385026737968	57.0588235294118	52.4680073126143	64.44 (BT_Cry8Ab1|BT_Cry8Ra1)	57.06 (BT_Cry8Ab1|BT_Cry8Ra1)	52.47 (BT_Cry8Ab1|BT_Cry8Ra1)	BT_Cry8Ab1	BT_Cry8Ab1	BT_Cry8Ra1
51	BT_Cry8Fa2	BT_Cry8Ga1	BT_Cry8Qa1	no	domain3	1366	1716	1	589	613	1276	1306	1720	4.67220349521785E-24	100;100;100;100	100;100;100;100	100;100;100;100	100	100	100	100	100	100	100	100	100	100	100	100	57.3383643865683	56.7460317460318	50.8690614136732	64.4	56.75 (BT_Cry8Fa2|BT_Cry8Ga1)	50.87 (BT_Cry8Fa2|BT_Cry8Ga1)	64.4 (BT_Cry8Fa2|BT_Cry8Ga1)	66.9135016328615	78.5388127853881	67.2566371681416	54.9450549450549	78.54 (BT_Cry8Fa2|BT_Cry8Qa1)	67.26 (BT_Cry8Fa2|BT_Cry8Qa1)	54.95 (BT_Cry8Fa2|BT_Cry8Qa1)	52.5611898257074	54.7120418848168	50.5214368482039	52.4500907441016	54.71 (BT_Cry8Ga1|BT_Cry8Qa1)	50.52 (BT_Cry8Ga1|BT_Cry8Qa1)	52.45 (BT_Cry8Ga1|BT_Cry8Qa1)	BT_Cry8Qa1	BT_Cry8Qa1	BT_Cry8Ga1
52	NOV_Cry9Ga1_57.2_PEU81077.1	NOV_Cry68Aa1_74.8_WP_103592020.1;BT_Cry68Aa1;NOV_Cry68Aa1_80.1_PEU91245.1	NOV_Cry9Ga1_58.0_AJS57594.1	no	domain3	1382	1707	1	634	658	1288	1321	1708	1.08442857230131E-23	100;100;100;100	25.0;33.33;50.0;25.0	100;100;100;100	100	100	100	100	78.711896326464	71.4158403871025	86.8838803101178	77.8359682821718	100	100	100	100	59.6597773427559	52.4753559693319	55.8240081653457	70.6799678935902	52.73 (BT_Cry68Aa1|NOV_Cry9Ga1_57.2_PEU81077.1)	55.99 (BT_Cry68Aa1|NOV_Cry9Ga1_57.2_PEU81077.1)	71.05 (NOV_Cry68Aa1_74.8_WP_103592020.1|NOV_Cry9Ga1_57.2_PEU81077.1)	67.4651142007653	71.8367346938775	73.4439834024896	57.1146245059289	71.84 (NOV_Cry9Ga1_57.2_PEU81077.1|NOV_Cry9Ga1_58.0_AJS57594.1)	73.44 (NOV_Cry9Ga1_57.2_PEU81077.1|NOV_Cry9Ga1_58.0_AJS57594.1)	57.11 (NOV_Cry9Ga1_57.2_PEU81077.1|NOV_Cry9Ga1_58.0_AJS57594.1)	54.3723631000941	52.8591114767585	55.7233218526976	54.5346559708262	54.04 (BT_Cry68Aa1|NOV_Cry9Ga1_58.0_AJS57594.1)	55.82 (BT_Cry68Aa1|NOV_Cry9Ga1_58.0_AJS57594.1)	54.93 (BT_Cry68Aa1|NOV_Cry9Ga1_58.0_AJS57594.1)	NOV_Cry9Ga1_58.0_AJS57594.1	NOV_Cry9Ga1_58.0_AJS57594.1	BT_Cry68Aa1;NOV_Cry68Aa1_74.8_WP_103592020.1;NOV_Cry68Aa1_80.1_PEU91245.1
53	BT_Cry1Jd1	BT_Cry9Ca1;BT_Cry9Ea10;BT_Cry9Ec1;BT_Cry9Ed1;BT_Cry9Fa1	BT_Cry1Jb1	minor	domain3	1218	1639	1	604	628	1195	1219	1639	1.54859688549621E-23	100;100;100;100	50.0;50.0;50.0;50.0	100;100;100;100	100	100	100	100	64.7322712705099	69.9832846085161	64.3610110537113	59.8525181493022	100	100	100	100	51.0425594479001	53.1361983957167	48.9068802153387	51.0845997326449	53.79 (BT_Cry1Jd1|BT_Cry9Ea10)	49.81 (BT_Cry1Jd1|BT_Cry9Ca1)	52.17 (BT_Cry1Jd1|BT_Cry9Fa1)	71.8373064961588	91.7329093799682	74.8466257668712	48.932384341637	91.73 (BT_Cry1Jb1|BT_Cry1Jd1)	74.85 (BT_Cry1Jb1|BT_Cry1Jd1)	48.93 (BT_Cry1Jb1|BT_Cry1Jd1)	52.2221311933701	53.5228050815178	48.6883745304003	54.4552139681921	54.37 (BT_Cry1Jb1|BT_Cry9Ec1)	49.44 (BT_Cry1Jb1|BT_Cry9Ca1)	58.32 (BT_Cry1Jb1|BT_Cry9Ec1)	BT_Cry1Jb1	BT_Cry1Ja1;BT_Cry1Jb1	unknown
56	BT_Cry9Ca1	BT_Cry9Ea10	BT_Cry9Ed1;BT_Cry9Ec1	minor	domain1	1	510	1	607	634	1252	1282	1711	1.06244605411994E-25	100;100;100;100	100;100;100;100	8.33;5.26;33.33;33.33	100	100	100	100	100	100	100	100	85.8831885630342	91.588785046729	88.7022900763359	77.3584905660377	59.4323039867928	58.984375	61.4473684210526	57.8651685393258	58.98 (BT_Cry9Ca1|BT_Cry9Ea10)	61.45 (BT_Cry9Ca1|BT_Cry9Ea10)	57.87 (BT_Cry9Ca1|BT_Cry9Ea10)	65.0662722281475	58.8810041449935	74.4573272770738	61.8604852623752	58.98 (BT_Cry9Ca1|BT_Cry9Ec1)	75.32 (BT_Cry9Ca1|BT_Cry9Ed1)	63.42 (BT_Cry9Ca1|BT_Cry9Ec1)	68.8702117789348	83.7192958971957	59.6622868656767	63.2290525739321	83.86 (BT_Cry9Ea10|BT_Cry9Ed1)	59.97 (BT_Cry9Ea10|BT_Cry9Ec1)	65.66 (BT_Cry9Ea10|BT_Cry9Ec1)	unknown	BT_Cry9Ec1;BT_Cry9Ed1	BT_Cry1Jb1;BT_Cry9Ea10;BT_Cry9Ec1;BT_Cry9Ed1
60	BT_Cry32Ha1;BT_Cry32Hb1	BT_Cry32Ka1	BT_Cry32Oa1	no	domain3	1446	1756	1	640	664	1315	1342	1756	9.7051026392098E-21	100.0;100.0;100.0;100.0	100;100;100;100	100;100;100;100	91.2604493207942	100	97.2727272727273	76.5086206896552	100	100	100	100	100	100	100	100	56.9559666936679	52.9685681024447	54.5186599345207	63.3806720440384	52.97 (BT_Cry32Ha1|BT_Cry32Ka1)	54.61 (BT_Cry32Hb1|BT_Cry32Ka1)	66.34 (BT_Cry32Ha1|BT_Cry32Ka1)	63.7723391499688	73.1707317073171	66.581956797967	51.5643289446224	73.17 (BT_Cry32Ha1|BT_Cry32Oa1)	66.58 (BT_Cry32Ha1|BT_Cry32Oa1)	51.82 (BT_Cry32Ha1|BT_Cry32Oa1)	54.6034175796149	55.1357733175915	55.3066037735849	53.3678756476684	55.14 (BT_Cry32Ka1|BT_Cry32Oa1)	55.31 (BT_Cry32Ka1|BT_Cry32Oa1)	53.37 (BT_Cry32Ka1|BT_Cry32Oa1)	BT_Cry32Oa1	BT_Cry32Oa1	BT_Cry32Ka1
62	BT_Cry1Db1	NOV_Cry1Da1_83.2_AIW52615.1	BT_Cry1Da1	no	domain1	130	729	1	604	628	1204	1234	1630	4.85817593416315E-20	100;100;100;100	100;100;100;100	100;100;100;100	100	100	100	100	100	100	100	100	100	100	100	100	76.3301651305684	88.4375	68.475073313783	72.0779220779221	88.44 (BT_Cry1Db1|NOV_Cry1Da1_83.2_AIW52615.1)	68.48 (BT_Cry1Db1|NOV_Cry1Da1_83.2_AIW52615.1)	72.08 (BT_Cry1Db1|NOV_Cry1Da1_83.2_AIW52615.1)	87.4108536874894	74.025974025974	91.6805324459235	96.5260545905707	74.03 (BT_Cry1Da1|BT_Cry1Db1)	91.68 (BT_Cry1Da1|BT_Cry1Db1)	96.53 (BT_Cry1Da1|BT_Cry1Db1)	70.7548242262935	74.2774566473989	66.2807525325615	71.7062634989201	74.28 (BT_Cry1Da1|NOV_Cry1Da1_83.2_AIW52615.1)	66.28 (BT_Cry1Da1|NOV_Cry1Da1_83.2_AIW52615.1)	71.71 (BT_Cry1Da1|NOV_Cry1Da1_83.2_AIW52615.1)	NOV_Cry1Da1_83.2_AIW52615.1	BT_Cry1Da1;NOV_Cry1Da1_84.8_ABK35074.1	BT_Cry1Da1
65	BT_Cry30Db1;BT_Cry30Da1	NOV_Cry30Ca1_66.6_BAD00052.1;BT_Cry30Ca1	NOV_Cry30Ga2_64.5_ARJ25665.1	minor	domain2	771	1339	1	634	658	1279	1309	1756	1.73165492833619E-19	100.0;66.67;100.0;100.0	100.0;66.67;100.0;100.0	100;100;100;100	90.1037048297062	89.237668161435	91.6666666666667	89.4067796610169	72.2487137864541	73.6625514403292	87.3873873873874	55.6962025316456	100	100	100	100	65.2030339090951	62.3103601466236	68.5271337878412	64.7716077928205	63.14 (BT_Cry30Da1|NOV_Cry30Ca1_66.6_BAD00052.1)	69.05 (BT_Cry30Ca1|BT_Cry30Db1)	73.8 (BT_Cry30Ca1|BT_Cry30Db1)	70.7238508751226	86.041522040958	73.1677325592752	52.9622980251346	88.51 (BT_Cry30Db1|NOV_Cry30Ga2_64.5_ARJ25665.1)	73.77 (BT_Cry30Db1|NOV_Cry30Ga2_64.5_ARJ25665.1)	52.96 (BT_Cry30Db1|NOV_Cry30Ga2_64.5_ARJ25665.1)	66.5193113397651	62.4443345288038	82.7817581674998	54.3318413229918	62.76 (BT_Cry30Ca1|NOV_Cry30Ga2_64.5_ARJ25665.1)	82.84 (NOV_Cry30Ca1_66.6_BAD00052.1|NOV_Cry30Ga2_64.5_ARJ25665.1)	55.21 (NOV_Cry30Ca1_66.6_BAD00052.1|NOV_Cry30Ga2_64.5_ARJ25665.1)	NOV_Cry30Ga2_64.5_ARJ25665.1	unknown	NOV_Cry30Ga2_64.5_ARJ25665.1
71	BT_Cry19Aa1	BT_Cry19Ca1	BT_Cry1Na1;BT_Cry1Nb1	no	domain2	617	1246	1	610	634	1240	1270	1678	5.75515890763164E-27	100;100;100;100	100;100;100;100	12.5;50.0;16.67;50.0	100	100	100	100	100	100	100	100	78.3897866836814	81.2688821752266	78.1954887218045	75.704989154013	57.9529073600889	56.8627450980392	66.4383561643836	50.5576208178439	56.86 (BT_Cry19Aa1|BT_Cry19Ca1)	66.44 (BT_Cry19Aa1|BT_Cry19Ca1)	50.56 (BT_Cry19Aa1|BT_Cry19Ca1)	51.8160185326946	55.2030651340996	48.4261841003414	51.8188063636427	56.0 (BT_Cry19Aa1|BT_Cry1Na1)	49.06 (BT_Cry19Aa1|BT_Cry1Nb1)	52.23 (BT_Cry19Aa1|BT_Cry1Na1)	51.1857656390648	54.1799891409267	47.9701783203578	51.40712945591	55.08 (BT_Cry19Ca1|BT_Cry1Na1)	48.33 (BT_Cry19Ca1|BT_Cry1Nb1)	52.53 (BT_Cry19Ca1|BT_Cry1Na1)	BT_Cry1Na1;BT_Cry1Nb1	BT_Cry19Ca1	BT_Cry1A-like;BT_Cry1Aa10;BT_Cry1Ab12;BT_Cry1Ab2;BT_Cry1Ad1;BT_Cry1Ag1;BT_Cry1Bb1;BT_Cry1Fb1;BT_Cry1Ga2;BT_Cry1Gb1;BT_Cry1Ia11;BT_Cry1Ia18;BT_Cry1Ic1;BT_Cry1Id1;BT_Cry1Ie4;BT_Cry1Ja1;BT_Cry1Ma1;BT_Cry1Na1;BT_Cry1Nb1;BT_Cry9Ga1;NOV_Cry1Ab12_91.4_AAK14338.1;NOV_Cry1Ab32_92.7_AAK14337.1;NOV_Cry1Ad2_87.7_AIW52617.1;NOV_Cry1Da1_84.8_ABK35074.1;NOV_Cry1Ga1_77.9_AX098669.1;NOV_Cry1Ie5_79.3_PQQ47595.1
73	BT_Cry13Aa1	NOV_Cry13Aa1_50.1_ANS46780.1	NOV_Cry14Aa1_44.0_PGW42274.1	major	domain3	1398	1774	1	652	670	1330	1336	1774	7.44314259461249E-20	100;100;100;100	100;100;100;100	100;100;100;100	100	100	100	100	100	100	100	100	100	100	100	100	62.5489547733559	55.8030480656506	57.243816254417	74.6	55.8 (BT_Cry13Aa1|NOV_Cry13Aa1_50.1_ANS46780.1)	57.24 (BT_Cry13Aa1|NOV_Cry13Aa1_50.1_ANS46780.1)	74.6 (BT_Cry13Aa1|NOV_Cry13Aa1_50.1_ANS46780.1)	53.7603845293986	55.9859154929578	52.9142857142857	52.3809523809524	55.99 (BT_Cry13Aa1|NOV_Cry14Aa1_44.0_PGW42274.1)	52.91 (BT_Cry13Aa1|NOV_Cry14Aa1_44.0_PGW42274.1)	52.38 (BT_Cry13Aa1|NOV_Cry14Aa1_44.0_PGW42274.1)	57.3593203626433	63.5705669481303	58.2456140350877	50.261780104712	63.57 (NOV_Cry13Aa1_50.1_ANS46780.1|NOV_Cry14Aa1_44.0_PGW42274.1)	58.25 (NOV_Cry13Aa1_50.1_ANS46780.1|NOV_Cry14Aa1_44.0_PGW42274.1)	50.26 (NOV_Cry13Aa1_50.1_ANS46780.1|NOV_Cry14Aa1_44.0_PGW42274.1)	unknown	unknown	NOV_Cry13Aa1_50.1_ANS46780.1
74	BT_Cry8Pa1	BT_Cry1Na1;BT_Cry1Nb1	BT_Cry8Ea2	minor	domain3	1343	1714	1	604	628	1291	1297	1714	4.19933015018201E-16	100;100;100;100	25.0;33.33;50.0;50.0	100;100;100;100	100	100	100	100	78.3897866836814	81.2688821752266	78.1954887218045	75.704989154013	100	100	100	100	52.1665317945068	55.8292770095792	49.2865545363029	51.3837638376384	56.03 (BT_Cry1Nb1|BT_Cry8Pa1)	49.29 (BT_Cry1Na1|BT_Cry8Pa1)	52.77 (BT_Cry1Na1|BT_Cry8Pa1)	62.7826264051867	82.370820668693	54.3583535108959	51.6187050359712	82.37 (BT_Cry8Ea2|BT_Cry8Pa1)	54.36 (BT_Cry8Ea2|BT_Cry8Pa1)	51.62 (BT_Cry8Ea2|BT_Cry8Pa1)	52.3609202803701	54.9530791788857	50.187035036031	51.9426466261935	55.45 (BT_Cry1Na1|BT_Cry8Ea2)	50.19 (BT_Cry1Nb1|BT_Cry8Ea2)	53.35 (BT_Cry1Nb1|BT_Cry8Ea2)	BT_Cry8Ea2;BT_Cry8Ja1	event_22(NOV_Cry8Ba1_88.6_AEP25412.1)	unknown
75	NOV_Cry32Ta1_48.0_AQX37180.1	BT_Cry32Qa1	BT_Cry32Va1;NOV_Cry32Va1_61.0_WP_134996253.1	no	domain1	1	536	1	676	700	1369	1399	1807	1.71716958751672E-17	100;100;100;100	100;100;100;100	50.0;50.0;33.33;33.33	100	100	100	100	100	100	100	100	80.3074950546346	89.6142433234421	88.2521489971347	63.0560928433269	58.7884636834273	68.9393939393939	50.1726121979287	57.2533849129594	68.94 (BT_Cry32Qa1|NOV_Cry32Ta1_48.0_AQX37180.1)	50.17 (BT_Cry32Qa1|NOV_Cry32Ta1_48.0_AQX37180.1)	57.25 (BT_Cry32Qa1|NOV_Cry32Ta1_48.0_AQX37180.1)	55.1293180460038	54.5901609847043	56.1856957346919	54.6120974186151	55.14 (NOV_Cry32Ta1_48.0_AQX37180.1|NOV_Cry32Va1_61.0_WP_134996253.1)	56.74 (NOV_Cry32Ta1_48.0_AQX37180.1|NOV_Cry32Va1_61.0_WP_134996253.1)	55.02 (NOV_Cry32Ta1_48.0_AQX37180.1|NOV_Cry32Va1_61.0_WP_134996253.1)	54.6152964926172	54.8156956004756	50.5246809427588	58.5055129346171	54.82 (BT_Cry32Qa1|BT_Cry32Va1)	50.88 (BT_Cry32Qa1|NOV_Cry32Va1_61.0_WP_134996253.1)	59.92 (BT_Cry32Qa1|BT_Cry32Va1)	BT_Cry32Qa1	BT_Cry32Va1;NOV_Cry32Va1_61.0_WP_134996253.1	BT_Cry32Ha1;BT_Cry32Hb1;BT_Cry32Ka1;BT_Cry32Qa1;BT_Cry32Ta1;BT_Cry32Va1;NOV_Cry32Va1_61.0_WP_134996253.1
78	NOV_Cry56Aa2_56.0_AGV55019.1	NOV_Cry56Aa4_56.4_PEU80288.1	NOV_Cry56Aa4_77.6_ARJ25668.1;BT_Cry56Aa1;NOV_Cry56Aa4_79.3_WP_103592286.1	no	domain1	1	679	1	613	652	1168	1189	1612	1.85080822158837E-22	100;100;100;100	100;100;100;100	50.0;50.0;50.0;20.0	100	100	100	100	100	100	100	100	82.7748432880825	87.1485119513823	80.6706319757784	80.505385937087	69.1934148133307	77.3913043478261	67.9032258064516	62.2857142857143	77.39 (NOV_Cry56Aa2_56.0_AGV55019.1|NOV_Cry56Aa4_56.4_PEU80288.1)	67.9 (NOV_Cry56Aa2_56.0_AGV55019.1|NOV_Cry56Aa4_56.4_PEU80288.1)	62.29 (NOV_Cry56Aa2_56.0_AGV55019.1|NOV_Cry56Aa4_56.4_PEU80288.1)	64.5532834736801	56.001088077286	74.1611915953487	63.4975707484055	56.42 (NOV_Cry56Aa2_56.0_AGV55019.1|NOV_Cry56Aa4_79.3_WP_103592286.1)	76.02 (NOV_Cry56Aa2_56.0_AGV55019.1|NOV_Cry56Aa4_77.6_ARJ25668.1)	63.79 (BT_Cry56Aa1|NOV_Cry56Aa2_56.0_AGV55019.1)	64.8372042517562	57.219905192576	67.3269748418764	69.9647327208163	57.85 (NOV_Cry56Aa4_56.4_PEU80288.1|NOV_Cry56Aa4_79.3_WP_103592286.1)	69.76 (NOV_Cry56Aa4_56.4_PEU80288.1|NOV_Cry56Aa4_77.6_ARJ25668.1)	70.83 (BT_Cry56Aa1|NOV_Cry56Aa4_56.4_PEU80288.1)	NOV_Cry56Aa4_56.4_PEU80288.1	NOV_Cry56Aa4_56.4_PEU80288.1	BT_Cry56Aa1;NOV_Cry56Aa4_77.6_ARJ25668.1;NOV_Cry56Aa4_79.3_WP_103592286.1
84	NOV_Cry8Aa1_47.1_EEM92570.1	BT_Cry8Ea2	NOV_Cry8Da1_43.7_ANC11094.1	no	domain1	19	525	1	610	634	1291	1321	1774	4.82298218417331E-18	100;100;100;100	100;100;100;100	100;100;100;100	100	100	100	100	100	100	100	100	100	100	100	100	56.925563521498	68.4357541899441	52.3409363745498	50	68.44 (BT_Cry8Ea2|NOV_Cry8Aa1_47.1_EEM92570.1)	52.34 (BT_Cry8Ea2|NOV_Cry8Aa1_47.1_EEM92570.1)	50.0 (BT_Cry8Ea2|NOV_Cry8Aa1_47.1_EEM92570.1)	54.7963389338647	56.1538461538462	56.144578313253	52.0905923344948	56.15 (NOV_Cry8Aa1_47.1_EEM92570.1|NOV_Cry8Da1_43.7_ANC11094.1)	56.14 (NOV_Cry8Aa1_47.1_EEM92570.1|NOV_Cry8Da1_43.7_ANC11094.1)	52.09 (NOV_Cry8Aa1_47.1_EEM92570.1|NOV_Cry8Da1_43.7_ANC11094.1)	52.4883929173797	54.2199488491049	51.0869565217391	52.158273381295	54.22 (BT_Cry8Ea2|NOV_Cry8Da1_43.7_ANC11094.1)	51.09 (BT_Cry8Ea2|NOV_Cry8Da1_43.7_ANC11094.1)	52.16 (BT_Cry8Ea2|NOV_Cry8Da1_43.7_ANC11094.1)	BT_Cry8Ea2	NOV_Cry8Da1_43.7_ANC11094.1	BT_Cry1Fa1;BT_Cry1Ig1;BT_Cry1Ka2;BT_Cry3Ba1;BT_Cry3Bb1;BT_Cry8Da1;BT_Cry8Ha1;BT_Cry8Hb1;NOV_Cry8Da1_43.7_ANC11094.1;NOV_Cry8Ha1_89.4_ABB29866.1;NOV_Cry8Ha1_89.8_ATY50148.1
87	BT_Cry1Be1;BT_Cry1Bj1	BT_Cry1Bf1;BT_Cry1Ba1	BT_Cry1Bh1;BT_Cry1Bb1;BT_Cry1Bd1	no	domain1	1	460	1	604	628	1258	1282	1693	4.82568316314803E-19	33.33;100.0;100.0;0.79	33.33;100.0;100.0;0.79	33.33;100.0;100.0;0.79	80.7944043842066	91.1251980982567	99.0521327014218	52.2058823529412	79.8750551365467	96.7373572593801	88.955223880597	53.9325842696629	82.989364640348	97.1861471861472	83.2172137167765	68.5647330181203	73.5061142628051	89.0442606867143	66.9578140699032	64.5162680317978	91.43 (BT_Cry1Be1|BT_Cry1Bf1)	67.95 (BT_Cry1Ba1|BT_Cry1Be1)	100.0 (BT_Cry1Be1|BT_Cry1Bf1)	71.389884891752	72.7446752628241	79.7605579632498	61.6644214491821	74.03 (BT_Cry1Bb1|BT_Cry1Be1)	80.6 (BT_Cry1Bb1|BT_Cry1Be1)	79.87 (BT_Cry1Bh1|BT_Cry1Bj1)	65.7906183718472	73.4421931608228	69.7296074490166	54.2000545057021	73.53 (BT_Cry1Bb1|BT_Cry1Bf1)	70.68 (BT_Cry1Bf1|BT_Cry1Bh1)	60.95 (BT_Cry1Ba1|BT_Cry1Bb1)	BT_Cry1Ba1;BT_Cry1Bf1	BT_Cry1Bb1;BT_Cry1Bd1	BT_Cry1A-like;BT_Cry1Aa10;BT_Cry1Ab12;BT_Cry1Ab2;BT_Cry1Ad1;BT_Cry1Ag1;BT_Cry1Bb1;BT_Cry1Fb1;BT_Cry1Ga2;BT_Cry1Gb1;BT_Cry1Ia11;BT_Cry1Ia18;BT_Cry1Ic1;BT_Cry1Id1;BT_Cry1Ie4;BT_Cry1Ja1;BT_Cry1Ma1;BT_Cry1Na1;BT_Cry1Nb1;BT_Cry9Ga1;NOV_Cry1Ab12_91.4_AAK14338.1;NOV_Cry1Ab32_92.7_AAK14337.1;NOV_Cry1Ad2_87.7_AIW52617.1;NOV_Cry1Da1_84.8_ABK35074.1;NOV_Cry1Ga1_77.9_AX098669.1;NOV_Cry1Ie5_79.3_PQQ47595.1
95	NOV_Cry2Ab4_93.2_AIT70915.1	BT_Cry2Al1	BT_Cry2Ag1;BT_Cry2Ab15	no	domain1	1	476	1	583	598	1213	1252	1675	8.20465356504882E-11	100;100;100;100	100;100;100;100	25.0;50.0;25.0;7.69	100	100	100	100	100	100	100	100	94.0693152105932	95.7841483979764	98.0676328502416	88.3561643835617	86.7803493178803	96.1148648648649	74.9644381223329	89.261744966443	96.11 (BT_Cry2Al1|NOV_Cry2Ab4_93.2_AIT70915.1)	74.96 (BT_Cry2Al1|NOV_Cry2Ab4_93.2_AIT70915.1)	89.26 (BT_Cry2Al1|NOV_Cry2Ab4_93.2_AIT70915.1)	90.6103662353814	84.8317134515489	94.469441319835	92.5299439347604	86.36 (BT_Cry2Ab15|NOV_Cry2Ab4_93.2_AIT70915.1)	95.24 (BT_Cry2Ab15|NOV_Cry2Ab4_93.2_AIT70915.1)	96.53 (BT_Cry2Ab15|NOV_Cry2Ab4_93.2_AIT70915.1)	80.2084675423464	83.3370832020879	73.2408112740431	84.0475081509083	84.98 (BT_Cry2Ab15|BT_Cry2Al1)	73.73 (BT_Cry2Ab15|BT_Cry2Al1)	87.83 (BT_Cry2Ab15|BT_Cry2Al1)	BT_Cry2Al1	BT_Cry2Ab12;BT_Cry2Ab15;BT_Cry2Ag1	BT_Cry2Ab15;BT_Cry2Ag1
96	NOV_Cry19Ba1_74.0_AGV55021.1	BT_Cry19Ba1	BT_Cry19Ca1	no	domain1	1	673	1	592	631	1240	1258	1666	2.88473967901253E-13	100;100;100;100	100;100;100;100	100;100;100;100	100	100	100	100	100	100	100	100	100	100	100	100	71.0914758083148	89.297124600639	68.4647302904564	55.5125725338491	89.3 (BT_Cry19Ba1|NOV_Cry19Ba1_74.0_AGV55021.1)	68.46 (BT_Cry19Ba1|NOV_Cry19Ba1_74.0_AGV55021.1)	55.51 (BT_Cry19Ba1|NOV_Cry19Ba1_74.0_AGV55021.1)	68.5669058915552	68.3760683760684	75	62.3246492985972	68.38 (BT_Cry19Ca1|NOV_Cry19Ba1_74.0_AGV55021.1)	75.0 (BT_Cry19Ca1|NOV_Cry19Ba1_74.0_AGV55021.1)	62.32 (BT_Cry19Ca1|NOV_Cry19Ba1_74.0_AGV55021.1)	63.0615052549033	69.0442225392297	65.4891304347826	54.6511627906977	69.04 (BT_Cry19Ba1|BT_Cry19Ca1)	65.49 (BT_Cry19Ba1|BT_Cry19Ca1)	54.65 (BT_Cry19Ba1|BT_Cry19Ca1)	BT_Cry19Ba1	BT_Cry19Aa1;BT_Cry19Ca1	BT_Cry19Ca1
98	BT_Cry3Bb1;BT_Cry3Ba1	BT_Cry8Da1	BT_Cry3Ca1	no	domain3	1326	1686	1	613	637	1255	1285	1699	9.07191544108343E-10	100.0;100.0;100.0;100.0	100;100;100;100	100;100;100;100	91.8681802459042	92.1507064364207	90.4468412942989	93.006993006993	100	100	100	100	100	100	100	100	55.3238343737285	54.8633810877135	50.1738095079721	60.9343125254998	54.96 (BT_Cry3Ba1|BT_Cry8Da1)	50.52 (BT_Cry3Ba1|BT_Cry8Da1)	61.4 (BT_Cry3Bb1|BT_Cry8Da1)	60.6632462420731	65.9157009429861	64.1398208307696	51.9342169524637	66.48 (BT_Cry3Ba1|BT_Cry3Ca1)	64.25 (BT_Cry3Bb1|BT_Cry3Ca1)	52.21 (BT_Cry3Bb1|BT_Cry3Ca1)	52.5687472563586	53.4351145038168	49.4868871151653	54.7842401500938	53.44 (BT_Cry3Ca1|BT_Cry8Da1)	49.49 (BT_Cry3Ca1|BT_Cry8Da1)	54.78 (BT_Cry3Ca1|BT_Cry8Da1)	BT_Cry3Ca1	BT_Cry3Aa10;BT_Cry3Ca1;NOV_Cry3Aa12_81.9_AEZ53144.1	BT_Cry8Da1
103	NOV_Cry40Da1_65.0_CAH33957.1	NOV_Cry40Da1_66.9_PEU78339.1	BT_Cry40Da1;NOV_Cry40Da1_81.5_AIN76756.1	minor	domain3	1280	1669	1	625	649	1237	1267	1669	1.66752770926974E-15	100;100;100;100	100;100;100;100	50.0;50.0;25.0;33.33	100	100	100	100	100	100	100	100	84.0470644704808	91.4798206278027	85.4889589905363	75.1724137931034	76.8946247934466	95.3051643192488	69.3409742120344	66.0377358490566	95.31 (NOV_Cry40Da1_65.0_CAH33957.1|NOV_Cry40Da1_66.9_PEU78339.1)	69.34 (NOV_Cry40Da1_65.0_CAH33957.1|NOV_Cry40Da1_66.9_PEU78339.1)	66.04 (NOV_Cry40Da1_65.0_CAH33957.1|NOV_Cry40Da1_66.9_PEU78339.1)	72.6266168378649	68.8251336898396	84.2126115605972	64.8421052631579	68.85 (NOV_Cry40Da1_65.0_CAH33957.1|NOV_Cry40Da1_81.5_AIN76756.1)	86.85 (BT_Cry40Da1|NOV_Cry40Da1_65.0_CAH33957.1)	65.47 (BT_Cry40Da1|NOV_Cry40Da1_65.0_CAH33957.1)	72.0311653592838	69.6179880813577	69.4627609936979	77.0127470027958	69.76 (NOV_Cry40Da1_66.9_PEU78339.1|NOV_Cry40Da1_81.5_AIN76756.1)	70.01 (BT_Cry40Da1|NOV_Cry40Da1_66.9_PEU78339.1)	82.98 (BT_Cry40Da1|NOV_Cry40Da1_66.9_PEU78339.1)	event_45(NOV_Cry40Da1_66.9_PEU78339.1)	event_45(BT_Cry40Da1;NOV_Cry40Da1_77.3_ARJ25823.1;NOV_Cry40Da1_81.5_AIN76756.1)	unknown
104	NOV_Cry21Aa2_44.6_AZR80772.1	BT_Cry21Ba1;BT_Cry21Aa1	BT_Cry21Fa1	major	domain3	1361	1672	1	628	640	1228	1234	1672	5.32723912299261E-15	100;100;100;100	16.67;14.29;50.0;33.33	100;100;100;100	100	100	100	100	70.5830802885315	82.6948480845443	58.1683168316832	70.8860759493671	100	100	100	100	53.5128923669437	52.1636286629854	50.6471169905518	57.7279314472938	52.6 (BT_Cry21Aa1|NOV_Cry21Aa2_44.6_AZR80772.1)	51.48 (BT_Cry21Aa1|NOV_Cry21Aa2_44.6_AZR80772.1)	59.32 (BT_Cry21Ba1|NOV_Cry21Aa2_44.6_AZR80772.1)	50.2357736213411	51.3793103448276	50.571791613723	48.7562189054726	51.38 (BT_Cry21Fa1|NOV_Cry21Aa2_44.6_AZR80772.1)	50.57 (BT_Cry21Fa1|NOV_Cry21Aa2_44.6_AZR80772.1)	48.76 (BT_Cry21Fa1|NOV_Cry21Aa2_44.6_AZR80772.1)	53.0416403356526	57.2637766195935	50.5481153111773	51.313029076187	58.09 (BT_Cry21Ba1|BT_Cry21Fa1)	50.55 (BT_Cry21Ba1|BT_Cry21Fa1)	51.57 (BT_Cry21Ba1|BT_Cry21Fa1)	unknown	unknown	BT_Cry21Aa1;BT_Cry21Ba1
107	BT_Cry52Ca1	NOV_Cry52Ca1_62.9_AZJ24464.1	BT_Cry52Aa1;BT_Cry52Ba1	major	domain2	447	1214	1	592	631	1237	1267	1663	4.86848650518389E-18	100;100;100;100	100;100;100;100	33.33;25.0;50.0;50.0	100	100	100	100	100	100	100	100	80.2358522619779	88.3076923076923	85.589519650655	66.8103448275862	67.9883086999407	69.753979739508	82.2556390977444	51.9553072625698	69.75 (BT_Cry52Ca1|NOV_Cry52Ca1_62.9_AZJ24464.1)	82.26 (BT_Cry52Ca1|NOV_Cry52Ca1_62.9_AZJ24464.1)	51.96 (BT_Cry52Ca1|NOV_Cry52Ca1_62.9_AZJ24464.1)	63.5470964078432	64.5701709734407	61.9146519277068	64.1564663223822	64.84 (BT_Cry52Ba1|BT_Cry52Ca1)	62.14 (BT_Cry52Ba1|BT_Cry52Ca1)	65.47 (BT_Cry52Ba1|BT_Cry52Ca1)	63.0715490108367	75.9930350679766	62.2334087930418	50.9882031714916	77.5 (BT_Cry52Ba1|NOV_Cry52Ca1_62.9_AZJ24464.1)	62.78 (BT_Cry52Ba1|NOV_Cry52Ca1_62.9_AZJ24464.1)	51.7 (BT_Cry52Aa1|NOV_Cry52Ca1_62.9_AZJ24464.1)	event_37(BT_Cry52Aa1;BT_Cry52Ba1;NOV_Cry52Ca1_62.9_AZJ24464.1)	NOV_Cry52Ca1_62.9_AZJ24464.1	event_37(BT_Cry40Aa1)
109	NOV_Cry69Ab1_58.0_PEU83535.1	BT_Cry69Aa1;BT_Cry69Ab1	NOV_Cry69Aa2_62.7_WP_103591151.1	no	domain3	1231	1690	1	589	613	1237	1270	1690	9.07191544108343E-10	100;100;100;100	33.33;33.33;50.0;33.33	100;100;100;100	100	100	100	100	80.8178490622079	86.3354037267081	77.6371308016878	78.4810126582278	100	100	100	100	58.8208592445049	62.6320701325667	52.1818213874327	61.6486862135151	63.41 (BT_Cry69Aa1|NOV_Cry69Ab1_58.0_PEU83535.1)	52.18 (BT_Cry69Ab1|NOV_Cry69Ab1_58.0_PEU83535.1)	62.07 (BT_Cry69Ab1|NOV_Cry69Ab1_58.0_PEU83535.1)	63.3343475455555	73.3137829912023	62.8571428571429	53.8321167883212	73.31 (NOV_Cry69Aa2_62.7_WP_103591151.1|NOV_Cry69Ab1_58.0_PEU83535.1)	62.86 (NOV_Cry69Aa2_62.7_WP_103591151.1|NOV_Cry69Ab1_58.0_PEU83535.1)	53.83 (NOV_Cry69Aa2_62.7_WP_103591151.1|NOV_Cry69Ab1_58.0_PEU83535.1)	55.8417198536065	60.3761636717904	52.9095359552411	54.2394599337881	60.48 (BT_Cry69Aa1|NOV_Cry69Aa2_62.7_WP_103591151.1)	53.28 (BT_Cry69Aa1|NOV_Cry69Aa2_62.7_WP_103591151.1)	54.93 (BT_Cry69Ab1|NOV_Cry69Aa2_62.7_WP_103591151.1)	NOV_Cry69Aa2_62.7_WP_103591151.1;NOV_Cry69Ab1_59.2_WP_103591619.1	NOV_Cry69Aa2_62.7_WP_103591151.1	BT_Cry69Aa1;BT_Cry69Ab1
112	NOV_Cry7Ea2_99.9_AFI42038.1	NOV_Cry8Ca1_41.2_AST51780.1;NOV_Cry8Ca1_42.6_ABY46520.1	NOV_Cry7Ca1_99.7_ABR67863.2	no	domain3	1285	1660	1	610	634	1273	1294	1720	2.02293818574207E-11	100;100;100;100	25.0;25.0;25.0;20.0	100;100;100;100	100	100	100	100	72.1287708406907	81.7910447761194	70.958904109589	63.6363636363636	100	100	100	100	54.3454840819408	59.6330275229358	50.8971599214325	52.506264801454	60.03 (NOV_Cry7Ea2_99.9_AFI42038.1|NOV_Cry8Ca1_41.2_AST51780.1)	51.08 (NOV_Cry7Ea2_99.9_AFI42038.1|NOV_Cry8Ca1_42.6_ABY46520.1)	52.8 (NOV_Cry7Ea2_99.9_AFI42038.1|NOV_Cry8Ca1_41.2_AST51780.1)	69.2555340315787	78.8546255506608	75.8620689655172	53.0499075785582	78.85 (NOV_Cry7Ca1_99.7_ABR67863.2|NOV_Cry7Ea2_99.9_AFI42038.1)	75.86 (NOV_Cry7Ca1_99.7_ABR67863.2|NOV_Cry7Ea2_99.9_AFI42038.1)	53.05 (NOV_Cry7Ca1_99.7_ABR67863.2|NOV_Cry7Ea2_99.9_AFI42038.1)	53.512511576033	58.2861017567444	50.5387241914855	51.7127087798689	58.62 (NOV_Cry7Ca1_99.7_ABR67863.2|NOV_Cry8Ca1_42.6_ABY46520.1)	50.72 (NOV_Cry7Ca1_99.7_ABR67863.2|NOV_Cry8Ca1_42.6_ABY46520.1)	52.01 (NOV_Cry7Ca1_99.7_ABR67863.2|NOV_Cry8Ca1_41.2_AST51780.1)	NOV_Cry7Ca1_99.7_ABR67863.2	NOV_Cry7Ca1_86.8_AGM39664.1;NOV_Cry7Ca1_99.7_ABR67863.2	NOV_Cry8Ca1_41.2_AST51780.1;NOV_Cry8Ca1_42.6_ABY46520.1
113	BT_Cry65Aa2	NOV_Cry65Aa2_55.6_PDY37670.1	NOV_Cry32Ua1_65.2_AQM56939.1	major	domain3	1506	1905	1	814	844	1468	1501	1909	2.10948521840274E-16	100;100;100;100	100;100;100;100	100;100;100;100	100	100	100	100	100	100	100	100	100	100	100	100	65.0856044723969	50	51.3888888888889	93.8679245283019	50.0 (BT_Cry65Aa2|NOV_Cry65Aa2_55.6_PDY37670.1)	51.39 (BT_Cry65Aa2|NOV_Cry65Aa2_55.6_PDY37670.1)	93.87 (BT_Cry65Aa2|NOV_Cry65Aa2_55.6_PDY37670.1)	49.4066758701871	50	48.7776484284051	49.4423791821561	50.0 (BT_Cry65Aa2|NOV_Cry32Ua1_65.2_AQM56939.1)	48.78 (BT_Cry65Aa2|NOV_Cry32Ua1_65.2_AQM56939.1)	49.44 (BT_Cry65Aa2|NOV_Cry32Ua1_65.2_AQM56939.1)	50.2252252252252	50	50.6756756756757	50	50.0 (NOV_Cry32Ua1_65.2_AQM56939.1|NOV_Cry65Aa2_55.6_PDY37670.1)	50.68 (NOV_Cry32Ua1_65.2_AQM56939.1|NOV_Cry65Aa2_55.6_PDY37670.1)	50.0 (NOV_Cry32Ua1_65.2_AQM56939.1|NOV_Cry65Aa2_55.6_PDY37670.1)	unknown	unknown	NOV_Cry65Aa2_55.6_PDY37670.1
119	BT_Cry14Ab1	NOV_Cry14Ab1_85.6_AXE15628.1	BT_Cry14Aa1	no	domain1	1	764	1	673	703	1312	1354	1780	1.21765095196989E-14	100;100;100;100	100;100;100;100	100;100;100;100	100	100	100	100	100	100	100	100	100	100	100	100	85.1659523290723	92.5501432664757	71.4870395634379	91.4606741573034	92.55 (BT_Cry14Ab1|NOV_Cry14Ab1_85.6_AXE15628.1)	71.49 (BT_Cry14Ab1|NOV_Cry14Ab1_85.6_AXE15628.1)	91.46 (BT_Cry14Ab1|NOV_Cry14Ab1_85.6_AXE15628.1)	84.276908542737	79.6791443850267	84.5801526717557	88.5714285714286	79.68 (BT_Cry14Aa1|BT_Cry14Ab1)	84.58 (BT_Cry14Aa1|BT_Cry14Ab1)	88.57 (BT_Cry14Aa1|BT_Cry14Ab1)	80.6710019629255	80.8882907133244	72.1379310344828	88.9867841409692	80.89 (BT_Cry14Aa1|NOV_Cry14Ab1_85.6_AXE15628.1)	72.14 (BT_Cry14Aa1|NOV_Cry14Ab1_85.6_AXE15628.1)	88.99 (BT_Cry14Aa1|NOV_Cry14Ab1_85.6_AXE15628.1)	NOV_Cry14Ab1_85.6_AXE15628.1	BT_Cry14Aa1	BT_Cry14Aa1
