,,,Breakpoint Positions
,,In Alignment, ,In Recombinant Sequence, ,Relative to BT_Cry11Ba1,, , , , , , Detection Methods
Recombination Event Number, Number In .RDP File, Begin, End,Begin, End,Begin, End, Recombinant Sequence(s), Minor Parental Sequence(s), Major Parental Sequence(s), RDP, GENECONV, Bootscan, Maxchi, Chimaera, SiSscan,PhylPro, LARD, 3Seq
 1 ,1, 3606, 5085, 1258, 1714, 1231, 1732,BT_Cry8Ja1,BT_Cry8Ca1,BT_Cry8Ea2,NS, 6.66117351324255E-96, 1.48587956252364E-84, 3.23685858365237E-32, 4.061027019737E-32, 8.3654654169582E-42,NS,NS, 9.07191544108343E-10,

 2 ,2, 5082, 1127, 1678, 489, 1732, 447,^BT_Cry1Ac39,NOV_Cry1Ea10_93.2_AAX86871.1,BT_Cry1Ah2, 5.95851808318833E-79, 1.09794817657844E-85, 2.2038880119495E-84, 4.549227745878E-25, 5.80030650763142E-25, 4.96414398508211E-33,NS,NS, 6.69632611551971E-106,
 2,,,,,,,,BT_Cry1Aa10[P],BT_Cry1Aa10,
 2,,,,,,,,BT_Cry1Ab12[P],BT_Cry1Ag1,
 2,,,,,,,,BT_Cry1Ab2[P],NOV_Cry1Ab32_92.7_AAK14337.1,
 2,,,,,,,,BT_Cry1Ad1[P],,
 2,,,,,,,,BT_Cry1Ag1[P],,
 2,,,,,,,,BT_Cry1Ai1,,
 2,,,,,,,,NOV_Cry1Ab12_91.4_AAK14338.1,,
 2,,,,,,,,NOV_Cry1Ab32_92.7_AAK14337.1[P],,
 2,,,,,,,,NOV_Cry1Ac23_90.7_CAQ03747.1,,

 3 ,3, 3863, 5062, 1292, 1636, 1370, 1719,NOV_Cry1Da1_84.8_ABK35074.1,BT_Cry1A-like,BT_Cry1Da1, 2.0600798408291E-66, 5.00736297597416E-78, 1.24655652372955E-60, 4.35410126836734E-23, 9.92759300491805E-10, 6.49211131030817E-29,NS,NS, 9.07191544108343E-10,
 3,,,,,,,,,NOV_Cry1Ad2_87.7_AIW52617.1,BT_Cry1Db1
 3,,,,,,,,,,NOV_Cry1Da1_83.2_AIW52615.1

 4 ,4, 3942, 5071, 1391, 1711, 1406, 1728,^NOV_Cry7Ba1_84.3_AFI42043.1,BT_Cry7Ac1,BT_Cry7Ba1, 5.46278649732271E-70, 1.56635601892342E-73, 6.98685690036877E-72, 2.84469529368927E-20, 9.30317122328899E-21, 2.14916735407866E-30,NS,NS, 1.81438308821669E-09,

 5 ,6, 3726, 5087, 1304, 1699, 1319, 1732,^BT_Cry1Bb1,BT_Cry1Ja1,BT_Cry1Bd1, 3.62097223861279E-71, 1.87806574515828E-68, 2.06000026166083E-36, 1.41476046786544E-26, 2.11885362706521E-23, 1.23128433052638E-24,NS,NS, 1.81438308821669E-09,
 5,,,,,,,,,,BT_Cry1Bh1
 5,,,,,,,,,,BT_Cry1Bj1

 6 ,7, 3644, 5082, 1276, 1699, 1237, 1732,BT_Cry1Bj1,BT_Cry1Ah2,BT_Cry1Be1, 7.02839897405829E-70, 3.19243140658139E-64, 1.54321755872025E-52, 3.20021996016801E-23, 2.27576137891379E-25, 1.12288149729021E-23,NS,NS, 9.07191544108343E-10,
 6,,,,,,,,BT_Cry1Bd1,,BT_Cry1Bf1
 6,,,,,,,,BT_Cry1Bh1,,BT_Cry1Bg1

 7 ,8, 3750, 5080, 1369, 1732, 1339, 1732,^BT_Cry24Ca1,BT_Cry40Ba1,BT_Cry24Da1, 3.75861913117583E-66, 7.92442414327564E-60, 6.14686095837974E-40, 8.60872980021028E-21, 1.75205416040113E-21, 1.39770168567835E-22,NS,NS, 1.81438308821669E-09,

 8 ,9, 3589, 5081, 1243, 1672, 1231, 1732,^BT_Cry1Ah2,Unknown (NOV_Cry1Ad2_87.7_AIW52617.1),BT_Cry1A-like, 1.54242440468008E-65, 2.01389443365693E-65, 1.98482471750143E-33, 1.31089804007295E-28, 1.57380985715416E-29, 6.66275558358923E-37,NS,NS, 4.22318215202948E-29,
 8,,,,,,,,BT_Cry1Ac39[P],,
 8,,,,,,,,NOV_Cry1Ac23_90.7_CAQ03747.1[P],,

 9 ,10, 3842, 5072, 1370, 1774, 1361, 1729,^BT_Cry71Aa1,BT_Cry72Aa1,NOV_Cry71Aa1_65.9_PEU78325.1, 1.59387043178865E-65, 9.84763927122977E-63, 2.62578358083488E-34, 1.31490557340962E-22, 6.1790881439591E-24, 3.71744907883823E-31,NS,NS, 1.81438308821669E-09,

 10 ,11, 3738, 5082, 1253, 1636, 1331, 1732,^BT_Cry1Ja1,BT_Cry1Fb1,BT_Cry1Jd1, 5.61255251689414E-60, 5.48805453968244E-63, 3.65382898627229E-59, 1.64885990809133E-23, 1.90626928842516E-24, 5.47990764545525E-35,NS,NS, 9.07191544108343E-10,
 10,,,,,,,,,,NOV_Cry1Jc1_99.1_AAS93799.1

 11 ,12, 3687, 4825, 1300, 1643, 1280, 1634,^NOV_Cry7Ca1_86.8_AGM39664.1,BT_Cry7Ha1,NOV_Cry7Ca1_99.7_ABR67863.2, 1.22367959461725E-59, 1.07325842518317E-55, 5.69632249774644E-58, 2.81661265609247E-22, 7.27151653631058E-21, 2.79236293501136E-24,NS,NS, 1.38880405186517E-79,

 12 ,13, 3652, 4851, 1284, 1620, 1245, 1634,^BT_Cry1Bf1,BT_Cry1Eb1,BT_Cry1Ba1, 2.41691845092023E-58, 2.17308582630512E-56, 5.41778674636455E-55, 3.32111038952762E-17, 3.16381876280418E-19, 2.56093753866555E-25,NS,NS, 9.07191544108343E-10,
 12,,,,,,,,BT_Cry1Be1,,
 12,,,,,,,,BT_Cry1Bg1,,

 13 ,14, 3749, 5072, 1336, 1705, 1339, 1729,^NOV_Cry30Ca1_66.6_BAD00052.1,Unknown (BT_Cry50Ba1),BT_Cry30Fa1, 2.59715993854095E-56, 1.83848597993588E-47, 1.12691489507087E-48, 3.86428174182562E-19, 1.55247702938579E-20, 7.6149026950729E-30,NS,NS, 1.86275110626188E-03,
 13,,,,,,,,,Unknown(NOV_Cry4Ba1_63.7_AJW76684.1),BT_Cry30Aa1
 13,,,,,,,,,,BT_Cry30Ca1
 13,,,,,,,,,,BT_Cry30Ea1

 14 ,15, 3771, 5080, 1285, 1714, 1339, 1732,^NOV_Cry4Ba1_63.7_AJW76684.1,BT_Cry50Ba1,NOV_Cry4Ba1_63.8_OUB35623.1, 2.07402718023579E-54, 2.77450737125285E-51, 1.08720934916908E-53, 1.22333269920303E-18, 2.38798771677053E-19, 1.77129568818998E-23,NS,NS, 9.07191544108343E-10,

 15 ,16, 3538, 4787, 1224, 1557, 1203, 1629,^BT_Cry1Cb1,BT_Cry1Eb1,BT_Cry1Ca11, 2.52746788663148E-54, 2.11460056464002E-47, 1.76166660494603E-51, 1.13539178008517E-18, 1.12162175825703E-19, 7.92029747618931E-21,NS,NS, 9.07191544108343E-10,

 16 ,17, 3785, 67, 1336, 19, 1339, 1,^NOV_Cry30Ga2_64.5_ARJ25665.1,Unknown (BT_Cry50Ba1),BT_Cry30Ga1, 4.20928998383152E-52, 3.58236802307954E-49, 1.72059183218238E-39, 1.63835815173337E-19, 3.93632234036098E-21, 5.94561734126365E-27,NS,NS, 8.16876698354932E-62,
 16,,,,,,,,,Unknown(BT_Cry50Aa1),BT_Cry30Da1
 16,,,,,,,,,,BT_Cry30Db1

 17 ,18, 3746, 5082, 1312, 1693, 1339, 1732,^BT_Cry9Eb1,BT_Cry9Da1,BT_Cry9Ea10, 7.79077093135E-45, 1.71214889638686E-51, 8.9743142269037E-51, 2.37157647571534E-21, 1.41265245710347E-03, 5.93206955593593E-27,NS,NS, 9.07191544108343E-10,

 18 ,19, 3606, 5087, 1231, 1660, 1231, 1732,^BT_Cry1Fa1,BT_Cry1Ig1,BT_Cry1Fb1, 2.09675279194536E-51, 7.46595165422675E-40, 3.4665879395838E-45, 3.94585786935962E-16, 5.75032458121024E-18, 8.555539207223E-19,NS,NS, 1.81438308821669E-09,

 19 ,20, 3824, 5082, 1355, 1774, 1352, 1732,^NOV_Cry40Aa1_67.9_CQ868314.1,Unknown (BT_Cry52Ba1),BT_Cry40Aa1, 1.46621184649191E-50, 2.46638749408532E-43, 9.99907296937525E-23, 8.8209938626657E-22, 6.19320037908328E-21, 4.23741345084946E-22,NS,NS, 1.81438308821669E-09,
 19,,,,,,,,,Unknown(BT_Cry52Aa1),

 20 ,21, 3716, 5085, 1336, 1744, 1309, 1732,BT_Cry9Ga1,BT_Cry1Gb1,BT_Cry9Aa1, 1.75834688357883E-50, 2.22840825723065E-30, 1.77787193148061E-11, 2.6183830241009E-16, 4.17010236029704E-18, 1.1572264885381E-13,NS,NS, 1.81438308821669E-09,

 21 ,22, 5063*, 797, 1637*, 351, 1720*, 312,NOV_Cry1Da1_84.8_ABK35074.1,BT_Cry1Ha1,BT_Cry1Da1, 3.36370979928136E-50, 4.94490843426452E-47, 8.72537036379768E-41, 9.04287445632579E-18, 1.54852980060198E-19, 2.25177771494777E-22,NS,NS, 9.07191544108343E-10,
 21,,,,,,,,,BT_Cry1Hb1,BT_Cry1Db1
 21,,,,,,,,,NOV_Cry1Ha1_85.7_AIW52616.1,

 22 ,23, 5081*, 3652, 1672*, 1254, 1732*, 1245,^BT_Cry1Ai1,BT_Cry1Aa10,Unknown (BT_Cry1Id1), 8.96104105931224E-49, 1.25046705373694E-30, 9.21515059015632E-56, 8.01886252978501E-28,NS, 1.55530760822966E-57,NS,NS, 9.07191544108343E-10,
 22,,,,,,,,,BT_Cry1Ab12,Unknown(BT_Cry1Ia11)
 22,,,,,,,,,BT_Cry1Ab2,Unknown(BT_Cry1Ia18)
 22,,,,,,,,,BT_Cry1Ad1,Unknown(BT_Cry1Ic1)
 22,,,,,,,,,BT_Cry1Ag1,Unknown(BT_Cry1Ie4)
 22,,,,,,,,,BT_Cry1A-like,Unknown(BT_Cry1Ma1)
 22,,,,,,,,,NOV_Cry1Ab12_91.4_AAK14338.1,
 22,,,,,,,,,NOV_Cry1Ab32_92.7_AAK14337.1,
 22,,,,,,,,,NOV_Cry1Ad2_87.7_AIW52617.1,

 23 ,24, 1525, 3279, 542, 1185, 523, 1128,^BT_Cry8Pa1,NOV_Cry8Ba1_88.6_AEP25412.1,Unknown (BT_Cry8Ba1), 1.80982229435009E-47, 5.8427498053963E-45, 7.91533552199147E-36, 8.20496519367339E-21, 3.94660074429083E-20, 1.64150920685544E-22,NS,NS, 9.07191544108343E-10,

 24 ,25, 3820, 5072, 1363, 1702, 1348, 1729,^BT_Cry52Ba1,BT_Cry40Aa1,NOV_Cry52Ca1_62.9_AZJ24464.1, 2.50297015500022E-45, 2.60813699077417E-33, 5.20890867938842E-19, 9.51542866983396E-15, 6.19285022802692E-17, 4.30077046945476E-23,NS,NS, 9.07191544108343E-10,

 25 ,26, 3553, 1, 1263, 1, 1209, 1,^BT_Cry1Ig1,BT_Cry1Ka2,BT_Cry1Ia11, 4.41858193216353E-43, 1.79814420146885E-37, 1.44270488845034E-37, 6.6696875453142E-19, 8.25220726586905E-21, 4.91756782889507E-19,NS,NS, 9.07191544108343E-10,
 25,,,,,,,,,,BT_Cry1Ia18
 25,,,,,,,,,,BT_Cry1Ic1
 25,,,,,,,,,,BT_Cry1Id1
 25,,,,,,,,,,BT_Cry1Ie4

 26 ,27, 3725, 5083, 1336, 1756, 1318, 1732,BT_Cry8Db1,Unknown (BT_Cry8Ha1),BT_Cry8Da1, 9.40734750779638E-43, 5.20360610671496E-23, 1.86982527876814E-05, 3.99211808784331E-02, 5.31408695148367E-03, 1.82446463530718E-08,NS,NS, 1.81438308821669E-09,
 26,,,,,,,,,Unknown(BT_Cry8Hb1),
 26,,,,,,,,,Unknown(NOV_Cry8Ha1_89.4_ABB29866.1),
 26,,,,,,,,,Unknown(NOV_Cry8Ha1_89.8_ATY50148.1),

 27 ,28, 5081, 876, 1657, 401, 1732, 366,BT_Cry1A-like,NOV_Cry1Ea10_93.2_AAX86871.1,NOV_Cry1Ad2_87.7_AIW52617.1, 1.97077318827763E-42, 1.05046298515077E-41, 8.18011214822156E-38, 3.79038783726267E-18, 2.95109510719299E-21, 1.25753455994026E-17,NS,NS, 7.25753235286675E-09,

 28 ,29, 3509, 5072, 1321, 1786, 1188, 1729,^NOV_Cry41Ba2_43.6_BAD35163.1,NOV_Cry32Ma1_57.7_AXY11484.1,NOV_Cry41Ba2_47.9_BAD35157.1, 2.35967624962378E-37, 3.81694693403323E-18, 1.62438789486392E-10, 3.45572593190193E-26, 3.74516905190848E-18, 4.10298716964065E-10,NS,NS, 1.81438308821669E-09,

 29 ,30, 3506, 5087, 1282, 1759, 1188, 1732,^BT_Cry7Cb1,NOV_Cry7Cb1_60.4_OTY00887.1,NOV_Cry7Ca1_99.7_ABR67863.2, 9.86245315490051E-37, 6.97773198713389E-21, 1.88100064732066E-09, 3.30532753678107E-20, 2.65879475498714E-19, 7.43732617379827E-12,NS,NS, 9.07191544108343E-10,
 29,,,,,,,,,,NOV_Cry7Ca1_86.8_AGM39664.1
 29,,,,,,,,,,NOV_Cry7Ea2_99.9_AFI42038.1

 30 ,31, 3824, 58, 1295, 7, 1352, 1,^BT_Cry50Ba1,BT_Cry30Fa1,BT_Cry19Aa1, 2.82168155035257E-27, 1.50083416362365E-36, 8.01575426452619E-16, 3.23829652800933E-05, 3.1499572840743E-11, 1.88310213991185E-27,NS,NS, 1.13097177410248E-02,
 30,,,,,,,,BT_Cry4Ba1[P],BT_Cry30Aa1,
 30,,,,,,,,BT_Cry4Ba3[P],BT_Cry30Ca1,
 30,,,,,,,,BT_Cry50Aa1,BT_Cry30Ea1,
 30,,,,,,,,NOV_Cry4Ba1_63.8_OUB35623.1[P],BT_Cry30Ga1,

 31 ,32, 3722, 5064, 1342, 1740, 1315, 1721,^BT_Cry9Aa1,Unknown (BT_Cry68Aa1),NOV_Cry9Ga1_57.2_PEU81077.1, 8.86180421075058E-36, 1.02093592997567E-29, 5.55594984100823E-11, 2.10445868710861E-15, 6.34156461452538E-19, 1.45400378454122E-21,NS,NS, 9.07191544108343E-10,
 31,,,,,,,,,Unknown(NOV_Cry68Aa1_74.8_WP_103592020.1),
 31,,,,,,,,,Unknown(NOV_Cry68Aa1_80.1_PEU91245.1),

 32 ,33, 3568, 76, 1218, 25, 1212, 10,^BT_Cry1Eb1,Unknown (BT_Cry1Ca11),BT_Cry1Ea10, 1.69341735264551E-35, 1.15942870634997E-30, 9.65866833104741E-12, 1.59047528194511E-15, 1.4502197804226E-18, 5.88949847983179E-11,NS,NS, 1.41138510586425E-51,
 32,,,,,,,,,,NOV_Cry1Ea10_93.2_AAX86871.1

 33 ,34, 3942, 5040, 1397, 1700, 1406, 1698,^BT_Cry7Bb1,BT_Cry7Ac1,BT_Cry7Ba1, 7.02393361187483E-35, 1.96792862929397E-22,NS, 4.82024838612938E-11, 8.9430471160933E-13, 1.16901940267417E-19,NS,NS, 9.07191544108343E-10,

 34 ,35, 3553, 5084, 1296, 1738, 1209, 1732,NOV_Cry8Ab1_80.3_AFP44678.1,Unknown (BT_Cry8Qa1),BT_Cry8Ac1, 9.82434536911455E-35, 1.32142699294521E-11, 1.12290757466326E-05, 1.7455047369634E-26, .001446433893807, 3.50492298140312E-08,NS,NS, 9.07191544108343E-10,
 34,,,,,,,,,Unknown(BT_Cry8Fa2),BT_Cry8Ab1
 34,,,,,,,,,,NOV_Cry8Ab1_80.0_AMR06151.1

 35 ,36, 5082, 1812, 1831, 738, 1732, 678,^NOV_Cry14Ab1_42.4_PGW46196.1,NOV_Cry14Aa1_44.0_PGW42274.1,NOV_Cry14Aa1_41.1_PGW46198.1, 2.07932203031603E-34, 2.69619472374714E-33, 1.93685053510875E-30, 1.62269813775046E-27, 1.2788868511117E-26, 2.80710489824813E-24,NS,NS, 9.07191544108343E-10,

 36 ,37, 5088*, 1670, 1684*, 622, 1732*, 618,^BT_Cry1Ka2,BT_Cry1Bb1,BT_Cry1Ma1, 3.52142434420774E-31, 4.22072942699121E-34, 5.29468760858573E-34, 1.48141470433465E-22, 1.90610965343301E-23, 3.1367327312788E-31,NS,NS, 9.07191544108343E-10,
 36,,,,,,,,,BT_Cry1Bd1,
 36,,,,,,,,,BT_Cry1Bh1,

 37 ,38, 3566, 5064, 1291, 1707, 1210, 1721,^BT_Cry32Wa1,BT_Cry32Pa1,BT_Cry32Ma1, 1.13020844595917E-33, 3.75430477656825E-10, 6.11238289031162E-05, 5.3553565540535E-12, 7.89962969572781E-15, 2.49927033995983E-10,NS,NS, 1.81438308821669E-09,
 37,,,,,,,,,,BT_Cry32Mb1

 38 ,39, 3844, 5086, 1331, 1663, 1361, 1732,BT_Cry52Ca1,BT_Cry40Aa1,NOV_Cry52Ca1_62.9_AZJ24464.1, 5.3227085765619E-33, 9.68064408081726E-30, 2.82143503389525E-13, 6.68970221714909E-11, 1.81829963391581E-14, 3.03094345494894E-18,NS,NS, 9.07191544108343E-10,

 39 ,40, 5024, 1794, 1699, 684, 1688, 660,^BT_Cry59Ba1,NOV_Cry40Da1_81.5_AIN76756.1,BT_Cry59Aa1, 2.13845294697327E-32, 1.89137650624942E-29, 4.06003837905865E-02, 8.27766352581244E-24, 1.15082885932618E-21, 2.55189432675091E-20,NS,NS, 9.07191544108343E-10,
 39,,,,,,,,,BT_Cry40Ca1,
 39,,,,,,,,,BT_Cry40Da1,
 39,,,,,,,,,NOV_Cry40Da1_65.0_CAH33957.1,
 39,,,,,,,,,NOV_Cry40Da1_77.3_ARJ25823.1,

 40 ,41, 3828, 5082, 1380, 1705, 1356, 1732,BT_Cry52Aa1,BT_Cry40Aa1,NOV_Cry52Ca1_62.9_AZJ24464.1, 2.17926948594395E-32, 5.30610996152155E-18, 6.26938590199384E-12, 3.30214823159085E-15, 2.85028290219162E-14, 7.90800208210851E-13,NS,NS, 9.07191544108343E-10,

 41 ,42, 3531, 5082, 1256, 1705, 1196, 1732,^BT_Cry1Ie4,BT_Cry1Gb1,BT_Cry47Aa1, 1.20514183415445E-30, 8.6931594795952E-16, 3.35653350882675E-12, 2.44510928373468E-16, 8.33574601977242E-16, 3.14856387324755E-28,NS,NS, 9.07191544108343E-10,
 41,,,,,,,,BT_Cry1Ba1,,
 41,,,,,,,,BT_Cry1Bb1[T],,
 41,,,,,,,,BT_Cry1Bd1[T],,
 41,,,,,,,,BT_Cry1Be1[T],,
 41,,,,,,,,BT_Cry1Bf1[T],,
 41,,,,,,,,BT_Cry1Bg1[T],,
 41,,,,,,,,BT_Cry1Bh1[T],,
 41,,,,,,,,BT_Cry1Bi1[T],,
 41,,,,,,,,BT_Cry1Bj1[T],,
 41,,,,,,,,BT_Cry1Ia11,,
 41,,,,,,,,BT_Cry1Ia18,,
 41,,,,,,,,BT_Cry1Ic1,,
 41,,,,,,,,BT_Cry1Id1,,
 41,,,,,,,,BT_Cry1Ma1[P],,
 41,,,,,,,,NOV_Cry1Ie5_79.3_PQQ47595.1,,

 42 ,43, 5013, 3729, 1679, 1313, 1680, 1322,^BT_Cry8Kb1,BT_Cry8Ka1,BT_Cry9Da1, 1.51390218794818E-22, 1.47563719126336E-30, 1.17680311298957E-11, 6.2356839120496E-22,NS, 3.3888559414003E-70,NS,NS, 2.51020631908222E-11,
 42,,,,,,,,,BT_Cry8Ka3,BT_Cry9Ed1

 43 ,44, 4156, 5063, 1454, 1736, 1407, 1720,^BT_Cry9Dc1,Unknown (BT_Cry9Da1),BT_Cry9Db1, 6.00686937624872E-30, 5.99798784152038E-27, 3.86477736522493E-11, 9.4874792184413E-12, 5.86800981360447E-13, 3.37281573236131E-14,NS,NS, 9.07191544108343E-10,

 44 ,45, 1726, 3720, 630, 1301, 640, 1313,^BT_Cry8Na1,BT_Cry8Sa1,BT_Cry8Ka3, 1.65539663944957E-29, 5.44818360329446E-24,NS, 2.37570992953192E-18, 4.00675972167523E-18, 2.34550178975237E-33,NS,NS, 1.30382543229835E-19,
 44,,,,,,,,,,BT_Cry8Ka1
 44,,,,,,,,,,NOV_Cry8Kb1_73.3_APT36283.1

 45 ,46, 3469, 5082, 1234, 1705, 1174, 1732,BT_Cry9Ee1,BT_Cry9Bb1,BT_Cry9Ec1, 2.65031811680995E-29, 4.64622932798542E-19, 1.51457039137198E-25, 1.10235745302801E-14, 2.16901033468423E-17, 2.25137766984789E-19,NS,NS, 9.07191544108343E-10,
 45,,,,,,,,,,BT_Cry9Ed1

 46 ,47, 5082, 1471, 1669, 549, 1732, 505,^NOV_Cry40Da1_65.0_CAH33957.1,NOV_Cry40Da1_66.9_PEU78339.1,BT_Cry40Da1,NS, 4.49334253419359E-28, 4.41843588265709E-26, 6.01736486942659E-15, 2.9293649098782E-10, 9.05806199489206E-22,NS,NS, 1.62529546459004E-20,
 46,,,,,,,,,,NOV_Cry40Da1_81.5_AIN76756.1

 47 ,48, 3540, 5082, 1229, 1657, 1205, 1732,NOV_Cry24Aa1_98.3_WP_086403584.1,NOV_Cry41Ca1_50.4_AZJ24166.1,NOV_Cry24Aa1_60.8_BAD32657.1, 3.34984124294575E-26, 3.08748270447758E-10, 1.07820087982763E-04, 5.6176917779184E-09, 3.20928037649936E-04, 6.39815073703126E-08,NS,NS, 1.81438308821669E-09,

 48 ,50, 5017, 1341, 1648, 502, 1684, 500,BT_Cry2Ai1,BT_Cry2Ac10,BT_Cry2Aa13, 5.28272093439883E-24, 2.51180047675345E-25, 5.51673510096287E-26, 1.31897417179929E-08, 9.77830396147391E-11, 1.4858268273787E-12,NS,NS, 1.92524661821035E-35,

 49 ,51, 4294, 5080, 1495, 1759, 1441, 1732,^NOV_Cry54Aa1_88.1_AFU17344.1,Unknown (NOV_Cry4Ca2_48.4_AZJ24771.1),BT_Cry54Aa1, 6.22120408979771E-25, 6.52217023038891E-16, 1.70172602456951E-14, 1.20276221218156E-08, 3.19040522570453E-10, 1.1408721299156E-04,NS,NS, 5.85738611454608E-15,

 50 ,52, 3724, 50, 1329, 8, 1317, 1,^NOV_Cry8Ab1_80.0_AMR06151.1,BT_Cry8Ra1,BT_Cry8Ab1, 9.81710379207764E-25,NS,NS, 1.18068789610923E-21, 2.70295056952141E-15, 1.15366766726653E-06,NS,NS, 1.01016599863632E-29,

 51 ,53, 3642, 5022, 1304, 1708, 1235, 1688,^BT_Cry32Ta1,BT_Cry32Va1,Unknown (NOV_Cry32Va1_61.0_WP_134996253.1), 4.168806577578E-24,NS,NS, 3.04402873792315E-09, 5.51690813068413E-11, 2.29379517935273E-06,NS,NS, 1.81438308821669E-09,

 52 ,54, 3856, 5064, 1366, 1716, 1363, 1721,^BT_Cry8Fa2,BT_Cry8Ga1,BT_Cry8Qa1, 4.67220349521785E-24, 8.47534828671444E-21, 8.05779422907628E-12, 2.35418335385257E-14, 3.24609652439722E-15, 8.44549902972043E-14,NS,NS, 9.07191544108343E-10,

 53 ,55, 3866, 5064, 1382, 1707, 1373, 1721,^NOV_Cry9Ga1_57.2_PEU81077.1,NOV_Cry68Aa1_74.8_WP_103592020.1,NOV_Cry9Ga1_58.0_AJS57594.1, 1.08442857230131E-23, 5.2051284976418E-16, 1.75502362687545E-20, 5.41120071753685E-09, 8.44299520632873E-11, 8.91218107616556E-13,NS,NS, 9.07191544108343E-10,
 53,,,,,,,,,BT_Cry68Aa1,
 53,,,,,,,,,NOV_Cry68Aa1_80.1_PEU91245.1,

 54 ,56, 3652, 5086, 1218, 1639, 1245, 1732,^BT_Cry1Jd1,Unknown (BT_Cry9Ca1),BT_Cry1Jb1, 7.97869255309131E-19,NS,NS, 1.54859688549621E-23, 1.30726392469473E-03,NS,NS,NS, 1.81438308821669E-09,
 54,,,,,,,,,Unknown(BT_Cry9Ea10),
 54,,,,,,,,,Unknown(BT_Cry9Ec1),
 54,,,,,,,,,Unknown(BT_Cry9Ed1),
 54,,,,,,,,,Unknown(BT_Cry9Fa1),

 55 ,57, 3714, 5080, 1229, 1639, 1307, 1732,^BT_Cry1Jb1,BT_Cry9Ec1,NOV_Cry1Jc1_99.1_AAS93799.1, 1.74286816637781E-23,NS, 4.20634626887949E-05, 1.00457447418217E-22, 1.96137078839997E-05, 1.04433819816881E-04,NS,NS, 1.81438308821669E-09,
 55,,,,,,,,,BT_Cry9Ea10,
 55,,,,,,,,,BT_Cry9Ed1,

 56 ,58, 1600, 3770*, 604, 1285*, 598, 1339*,^BT_Cry50Ba1,NOV_Cry4Ba1_63.7_AJW76684.1,BT_Cry41Ba1, 1.49952070939276E-09, 2.35759124282937E-22, 4.38119737947687E-02, 7.73992729376195E-13, 2.79793162974597E-07, 4.28960308570913E-40,NS,NS, 3.90264761347958E-04,
 56,,,,,,,,BT_Cry50Aa1,NOV_Cry4Ba1_63.8_OUB35623.1,

 57 ,59, 4992, 1159, 1676, 510, 1674, 465,^BT_Cry9Ca1,Unknown (BT_Cry9Ea10),BT_Cry9Ed1, 1.64161532869086E-21, 5.13849152882976E-22, 7.9745690123456E-23, 3.99471516805263E-13, 1.09247229061372E-03, 1.06244605411994E-25,NS,NS, 9.07191544108343E-10,
 57,,,,,,,,,,BT_Cry9Ec1

 58 ,60, 1872, 3736, 710, 1326, 722, 1329,^BT_Cry9Bb1,BT_Cry9Db1,Unknown (BT_Cry9Da1), 7.13406606294035E-07,NS,NS, 9.75874137584839E-23, 9.71990860043466E-14,NS,NS,NS, 9.07191544108343E-10,
 58,,,,,,,,BT_Cry9Ba1[P],BT_Cry9Dc1,

 59 ,61, 109, 1118, 46, 513, 43, 438,BT_Cry40Ca1,BT_Cry40Ba1,BT_Cry40Aa1, 1.03695199886446E-21, 4.5079184724797E-18, 1.19429153863863E-18, 5.62843231047718E-13, 1.7539889803319E-14, 4.97477302595779E-22,NS,NS, 9.07191544108343E-10,

 60 ,62, 3570, 5040, 1283, 1691, 1214, 1698,BT_Cry8Ba1,Unknown (BT_Cry7Ka1),BT_Cry8Bc1,NS,NS,NS, 1.55197902675051E-21, 6.17755919764795E-09,NS,NS,NS, 1.36575057396093E-03,
 60,,,,,,,,NOV_Cry8Ba1_88.6_AEP25412.1,Unknown(BT_Cry7Kb1),

 61 ,63, 4013, 5071, 1446, 1756, 1407, 1728,^BT_Cry32Ha1,BT_Cry32Ka1,BT_Cry32Oa1, 9.7051026392098E-21, 1.07080820121821E-11, 1.30608783464269E-06, 2.69682616365281E-08, 5.71190664012126E-05, 4.79097321938685E-14,NS,NS, 9.07191544108343E-10,
 61,,,,,,,,BT_Cry32Hb1,,

 62 ,64, 1138*, 1780, 490*, 620, 458*, 652,^BT_Cry1A-like,NOV_Cry8Db1_49.9_WP_103653049.1,NOV_Cry1Ab32_92.7_AAK14337.1, 1.79359764568676E-20, 3.41360626780394E-15, 6.27779569300704E-10, 5.85415052626386E-06, 3.00001919098117E-07, 2.60879478485388E-03,NS,NS, 9.07191544108343E-10,
 62,,,,,,,,,NOV_Cry8Db1_51.1_PNK22955.1,BT_Cry1Aa10
 62,,,,,,,,,,BT_Cry1Ab12
 62,,,,,,,,,,BT_Cry1Ab2
 62,,,,,,,,,,BT_Cry1Ac39
 62,,,,,,,,,,BT_Cry1Ad1
 62,,,,,,,,,,BT_Cry1Ag1
 62,,,,,,,,,,BT_Cry1Ah2
 62,,,,,,,,,,NOV_Cry1Ab12_91.4_AAK14338.1
 62,,,,,,,,,,NOV_Cry1Ac23_90.7_CAQ03747.1
 62,,,,,,,,,,NOV_Cry1Ad2_87.7_AIW52617.1

 63 ,65, 4788*, 5071*, 1557*, 1660*, 1630*, 1728*,^BT_Cry1Cb1,Unknown (BT_Cry1Ea10),BT_Cry1Ca11, 1.89918170027261E-20,NS, 3.72422053277777E-17, 7.24947807787507E-06, 4.16026305588044E-05, 1.71629110149089E-05,NS,NS, 9.07191544108343E-10,
 63,,,,,,,,,Unknown(NOV_Cry1Ea10_93.2_AAX86871.1),

 64 ,66, 228, 2018, 130, 729, 106, 812,^BT_Cry1Db1,NOV_Cry1Da1_83.2_AIW52615.1,BT_Cry1Da1, 4.85817593416315E-20, 4.58432372063774E-14, 4.64755667579373E-06, 1.86786100461235E-13, 9.65292177624825E-15, 1.84595945324486E-18,NS,NS, 9.07191544108343E-10,

 65 ,67, 5009, 1578, 1648, 571, 1677, 576,^BT_Cry2Aa13,BT_Cry2Ab12,Unknown (NOV_Cry2Ab4_93.2_AIT70915.1), 1.37071413076072E-18, 3.90920967147976E-17, 6.61179198427958E-14, 1.98808520486859E-07, 8.65515320698364E-07, 6.97123192609508E-11,NS,NS, 1.81438308821669E-09,
 65,,,,,,,,,BT_Cry2Ab15,

 66 ,68, 4184, 5087, 1470, 1735, 1407, 1732,^BT_Cry9Da1,BT_Cry9Ed1,Unknown (BT_Cry9Ea10), 1.93983327952425E-18, 1.62585359259191E-12,NS, 5.06510146604393E-09, 2.95828663932201E-10, 7.0126230955171E-14,NS,NS, 9.07191544108343E-10,
 66,,,,,,,,BT_Cry9Db1,,

 67 ,69, 2067, 3748*, 771, 1339*, 829, 1339*,^BT_Cry30Db1,Unknown (NOV_Cry30Ca1_66.6_BAD00052.1),NOV_Cry30Ga2_64.5_ARJ25665.1, 2.80834189592943E-18, 3.09034306096234E-15, 8.20156497611499E-14, 3.39883060263062E-13, 1.36924705129772E-14, 1.73165492833619E-19,NS,NS, 9.07191544108343E-10,
 67,,,,,,,,BT_Cry30Da1,Unknown(BT_Cry30Ca1),

 68 ,70, 3734, 52, 1321, 10, 1327, 1,^NOV_Cry8Kb1_73.3_APT36283.1,BT_Cry8Ad1,BT_Cry8Ka3, 3.98956754295656E-03,NS,NS, 3.93999551679159E-18, 3.81070099984217E-09,NS,NS,NS, 1.81438308821669E-09,
 68,,,,,,,,,BT_Cry8Ra1,BT_Cry8Ka1

 69 ,71, 1106, 3725, 460, 1249, 427, 1318,BT_Cry7Ha1,BT_Cry7Kb1,BT_Cry7Ia1, 9.50793209153601E-18, 4.82163011469556E-09, 2.47888232826265E-16, 4.51254969404675E-15, 1.03754976644214E-10, 3.43036360395575E-23,NS,NS, 2.43127304289104E-07,

 70 ,72, 24*, 1162, 1*, 522, 1*, 468,^BT_Cry9Eb1,Unknown (BT_Cry9Ed1),BT_Cry9Ea10, 1.2489847466725E-17, 1.53747799832615E-12, 7.62839393632375E-13, 2.87521385816702E-16, 1.45859602343052E-15, 9.30425089988405E-14,NS,NS, 9.07191544108343E-10,
 70,,,,,,,,,Unknown(BT_Cry9Ec1),

 71 ,73, 1800, 3530, 819, 1375, 666, 1195,^BT_Cry41Ba2,NOV_Cry41Ca1_50.4_AZJ24166.1,BT_Cry32Pa1, 3.47121617476938E-17, 3.19847618707227E-10,NS, 4.12881731980818E-15, 4.49517970091402E-07, 1.13952840249503E-18,NS,NS, 8.98168722088033E-04,

 72 ,74, 3539, 5061, 1225, 1695, 1204, 1718,^BT_Cry1Ca11,BT_Cry1Ea10,Unknown (BT_Cry1Da1), 3.92583404444556E-17, 1.8095263369359E-11, 2.53158132717361E-07, 7.61125096393413E-03, 6.88740596171077E-10, 5.52330699495694E-18,NS,NS, 5.03127164674932E-06,
 72,,,,,,,,,NOV_Cry1Ea10_93.2_AAX86871.1,Unknown(BT_Cry1Db1)
 72,,,,,,,,,,Unknown(NOV_Cry1Da1_83.2_AIW52615.1)

 73 ,75, 1610, 3566, 617, 1246, 608, 1210,BT_Cry19Aa1,BT_Cry19Ca1,BT_Cry1Na1, 1.38283001867073E-16, 2.42793605350947E-11, 2.82713066859092E-06, 3.12599125548306E-13, 2.3596177628882E-10, 5.75515890763164E-27,NS,NS,NS,
 73,,,,,,,,,,BT_Cry1Nb1

 74 ,76, 245, 1100, 147, 463, 123, 421,BT_Cry7Gd1,Unknown (BT_Cry8Ib1),BT_Cry7Ga2, 1.42009008177139E-16,NS,NS, 2.58410355441521E-13, 4.48391677125921E-08, 1.22137626391498E-03,NS,NS, 1.81438308821669E-09,
 74,,,,,,,,,Unknown(BT_Cry8Ia3),BT_Cry7Gb1
 74,,,,,,,,,,BT_Cry7Gc1
 74,,,,,,,,,,NOV_Cry7Gb1_94.1_AGM39662.1

 75 ,77, 3864, 180, 1398, 93, 1371, 66,^BT_Cry13Aa1,NOV_Cry13Aa1_50.1_ANS46780.1,Unknown (NOV_Cry14Aa1_44.0_PGW42274.1), 4.01008825964079E-16, 1.91760852960366E-12, 2.31474024754971E-06, 7.12782138146706E-11, 1.29638815537925E-04, 7.44314259461249E-20,NS,NS, 9.07191544108343E-10,

 76 ,78, 3827*, 5086, 1343*, 1714, 1355*, 1732,^BT_Cry8Pa1,Unknown (BT_Cry1Na1),BT_Cry8Ea2, 4.54407726730622E-03,NS,NS, 4.19933015018201E-16, 1.19234604973045E-04,NS,NS,NS, 7.77462851098143E-07,
 76,,,,,,,,,Unknown(BT_Cry1Nb1),

 77 ,79, 5031, 1107, 1784, 536, 1689, 428,^NOV_Cry32Ta1_48.0_AQX37180.1,BT_Cry32Qa1,BT_Cry32Va1, 7.59425491846069E-16, 2.77238072532622E-05, 1.71716958751672E-17, 3.32547695961719E-12, 5.98953470569595E-07, 7.95028422684831E-16,NS,NS, 3.64371554002527E-02,
 77,,,,,,,,,,NOV_Cry32Va1_61.0_WP_134996253.1

 78 ,80, 798, 1017, 355, 435, 313, 393,^NOV_Cry3Aa12_81.9_AEZ53144.1,Unknown (BT_Cry8Ka3),BT_Cry3Aa10, 2.01943933822677E-15, 1.24470749460211E-08,NS, 4.04096063657457E-05, 1.53101712144023E-05, 3.47504059051927E-04,NS,NS, 1.81438308821669E-09,
 78,,,,,,,,,Unknown(BT_Cry8Ga1),
 78,,,,,,,,,Unknown(BT_Cry8Ka1),
 78,,,,,,,,,Unknown(NOV_Cry8Kb1_73.3_APT36283.1),

 79 ,81, 236, 489, 129, 205, 114, 194,NOV_Cry3Aa12_81.9_AEZ53144.1,Unknown (BT_Cry3Bb1),BT_Cry3Aa10, 2.30810570519476E-16, 1.47865319434912E-15, 1.33884290066581E-04, 6.4181898919013E-09, 7.43966560750733E-07, 9.57159820255481E-08,NS,NS, 9.07191544108343E-10,
 79,,,,,,,,,Unknown(BT_Cry3Ba1),

 80 ,82~, 1581, 1814, 586, 660, 579, 680,^NOV_Cry3Aa12_81.9_AEZ53144.1,Unknown (BT_Cry28Aa2),BT_Cry3Aa10, 1.32175498669766E-15, 1.30915234085259E-16,NS, 2.52994975861329E-05,NS,NS,NS,NS, 1.22489664538761E-04,
 80,,,,,,,,,,BT_Cry3Ca1

 81 ,83, 1988, 2254, 716, 821, 807, 891,^NOV_Cry3Aa12_81.9_AEZ53144.1,Unknown (BT_Cry3Ba1),BT_Cry3Aa10, 4.29006690011281E-19, 3.54219779745141E-10, 1.32573951002808E-10, 6.17875802293222E-08, 9.06917002766868E-05, 7.53456732730879E-04,NS,NS, 9.07191544108343E-10,
 81,,,,,,,,,Unknown(BT_Cry3Bb1),

 82 ,85, 136*, 1802, 61*, 641, 47*, 668,^BT_Cry1Ic1,BT_Cry8Db1,BT_Cry1Bh1, 7.45813764708698E-10,NS, 5.80706144910867E-07, 3.15506139642873E-15, 2.31710885606125E-13, 5.5183103008346E-05,NS,NS, 9.07191544108343E-10,
 82,,,,,,,,BT_Cry1Ia11,BT_Cry8Ad1,BT_Cry1Ba1
 82,,,,,,,,BT_Cry1Ia18,BT_Cry8Da1,BT_Cry1Bb1
 82,,,,,,,,BT_Cry1Id1[P],,BT_Cry1Bd1
 82,,,,,,,,BT_Cry1Ie4,,BT_Cry1Bf1
 82,,,,,,,,BT_Cry1Ig1,,BT_Cry1Bg1
 82,,,,,,,,NOV_Cry1Ie5_79.3_PQQ47595.1,,BT_Cry1Bi1

 83 ,86, 5002, 1822, 1586, 679, 1677, 688,^NOV_Cry56Aa2_56.0_AGV55019.1,NOV_Cry56Aa4_56.4_PEU80288.1,NOV_Cry56Aa4_77.6_ARJ25668.1, 9.71106587146693E-14, 1.6102267142194E-04,NS, 4.54251326407282E-15, 2.07752957678715E-10, 1.85080822158837E-22,NS,NS, 3.40105531526635E-06,
 83,,,,,,,,,,BT_Cry56Aa1
 83,,,,,,,,,,NOV_Cry56Aa4_79.3_WP_103592286.1

 84 ,88, 3542, 5062, 1222, 1651, 1207, 1719,^NOV_Cry1Ea10_93.2_AAX86871.1,Unknown (BT_Cry1Ha1),BT_Cry1Da1, 3.16885269784886E-14, 5.28919356691831E-08, 4.83809903391538E-08, 3.11732785733841E-09, 1.02376195106447E-09, 2.05867083257893E-18,NS,NS, 2.20447520904443E-07,
 84,,,,,,,,BT_Cry1Ea10,Unknown(BT_Cry1Hb1),BT_Cry1Db1
 84,,,,,,,,,Unknown(NOV_Cry1Ha1_85.7_AIW52616.1),

 85 ,89, 3508, 5085, 1276, 1762, 1188, 1732,^BT_Cry8Ac1,BT_Cry8Qa1,BT_Cry8Ab1, 4.22379919809833E-14,NS,NS, 5.17583094669588E-15, 8.32582462538835E-03,NS,NS,NS, 9.07191544108343E-10,

 86 ,90, 1326, 3686, 553, 1336, 500, 1279,^BT_Cry24Da1,NOV_Cry24Aa1_60.8_BAD32657.1,BT_Cry44Aa1, 1.10205006315579E-13, 1.44762161341939E-15, 2.26667785169004E-13, 9.12996481357475E-16, 4.84576114711566E-07, 2.04555855712138E-32,NS,NS, 2.20447520904443E-07,
 86,,,,,,,,BT_Cry24Ca1,,

 87 ,91, 3539, 4302, 1192, 1398, 1204, 1449,^BT_Cry1La1,Unknown (BT_Cry1Da1),BT_Cry1Ha1, 1.72166560248063E-13, 5.0355094982435E-11, 3.05337753596585E-17, 3.27984203311404E-04, 1.12474978688004E-09, 5.52672426261306E-11,NS,NS, 9.07191544108343E-10,
 87,,,,,,,,,Unknown(BT_Cry1Db1),
 87,,,,,,,,,Unknown(NOV_Cry1Da1_83.2_AIW52615.1),

 88 ,92, 74, 1126, 17, 488, 8, 446,^BT_Cry62Aa1,NOV_Cry41Ca1_50.4_AZJ24166.1,BT_Cry32Pa1, 5.55984879077082E-13, 4.94816590448558E-08, 2.0661710751801E-09, 1.40659643182757E-07, 1.21568931191364E-09, 1.11331225965453E-12,NS,NS, 9.07191544108343E-10,

 89 ,93, 58, 1184, 19, 525, 1, 477,^NOV_Cry8Aa1_47.1_EEM92570.1,BT_Cry8Ea2,NOV_Cry8Da1_43.7_ANC11094.1, 6.82231472910338E-13,NS, 4.36159083366732E-06, 3.48043908103755E-05, 6.52980980690487E-09, 4.82298218417331E-18,NS,NS, 9.07191544108343E-10,

 90 ,94, 3476, 4363, 1184, 1435, 1180, 1480,^BT_Cry1Ha1,BT_Cry1Da1,BT_Cry1Hb1, 1.21316362933865E-12, 5.33770472593137E-05, 5.70100299443222E-06, 9.13813989961975E-07, 4.72507246813825E-04,NS,NS,NS, 9.07191544108343E-10,
 90,,,,,,,,NOV_Cry1Ha1_85.7_AIW52616.1[P],BT_Cry1Db1,

 91 ,95, 3724, 5081*, 1314, 1744*, 1317, 1732*,^NOV_Cry7Fb2_99.7_AHB36886.1,Unknown (BT_Cry1Ab2),BT_Cry7Fa1,NS,NS,NS, 6.01316607188517E-13, 4.34531997614748E-07,NS,NS,NS, 4.30641398061646E-02,
 91,,,,,,,,,Unknown(BT_Cry1Aa10),
 91,,,,,,,,,Unknown(BT_Cry1Ab12),
 91,,,,,,,,,Unknown(BT_Cry1Ad1),
 91,,,,,,,,,Unknown(BT_Cry1Ag1),
 91,,,,,,,,,Unknown(BT_Cry1A-like),
 91,,,,,,,,,Unknown(NOV_Cry1Ab12_91.4_AAK14338.1),
 91,,,,,,,,,Unknown(NOV_Cry1Ab32_92.7_AAK14337.1),
 91,,,,,,,,,Unknown(NOV_Cry1Ad2_87.7_AIW52617.1),

 92 ,96, 5083*, 1097, 1693*, 460, 1732*, 418,^BT_Cry1Be1,BT_Cry1Bf1,BT_Cry1Bh1, 1.22039405028704E-12, 4.82568316314803E-19, 2.29279599316622E-13, 2.05183815808196E-09, 1.38477732292098E-03, 2.5286573924732E-17,NS,NS, 1.106082767609E-16,
 92,,,,,,,,BT_Cry1Bj1,BT_Cry1Ba1,BT_Cry1Bb1
 92,,,,,,,,,,BT_Cry1Bd1

 93 ,97, 4176, 5081*, 1369, 1642*, 1407, 1732*,^BT_Cry1Gb1,BT_Cry1Ad1,BT_Cry1Hb1, 1.28845310267299E-12, 8.5831004155595E-09, 1.60510838255709E-10, 1.80292300763965E-05, 3.02346068560689E-08, 5.83846637800936E-17,NS,NS, 4.00071390904699E-07,
 93,,,,,,,,BT_Cry1Ga2[P],BT_Cry1Aa10,
 93,,,,,,,,,BT_Cry1Ab12,
 93,,,,,,,,,BT_Cry1Ab2,
 93,,,,,,,,,BT_Cry1Ag1,
 93,,,,,,,,,BT_Cry1A-like,
 93,,,,,,,,,NOV_Cry1Ab12_91.4_AAK14338.1,
 93,,,,,,,,,NOV_Cry1Ab32_92.7_AAK14337.1,
 93,,,,,,,,,NOV_Cry1Ad2_87.7_AIW52617.1,

 94 ,98, 3729, 132, 1241, 51, 1322, 47,^BT_Cry7Ia1,BT_Cry7Da1,BT_Cry8Ib1, 3.08726676032351E-11, 1.62113767267775E-02,NS, 8.3145463739881E-10, 3.1598454126611E-08, 1.11548268667647E-18,NS,NS, 1.20751137749261E-02,
 94,,,,,,,,,,BT_Cry8Ia3

 95 ,99, 246, 1128, 148, 490, 124, 448,^BT_Cry1Ja1,BT_Cry1Ca11,NOV_Cry1Ad2_87.7_AIW52617.1, 3.33940989945503E-11,NS, 3.16061431882286E-09, 6.03178606752683E-10, 9.07227954954256E-06, 4.47459647624487E-08,NS,NS, 2.92115634570322E-07,
 95,,,,,,,,BT_Cry1Jb1,BT_Cry1Cb1,BT_Cry1Ah2
 95,,,,,,,,NOV_Cry1Jc1_99.1_AAS93799.1,,
 95,,,,,,,,BT_Cry1Jd1,,

 96 ,100, 3734, 5042, 1303, 1691, 1327, 1700,NOV_Cry8Ja1_60.3_PEE68563.1,Unknown (BT_Cry8Da1),BT_Cry8Ha1, 4.01568995508815E-11, 2.2926523998779E-09,NS, 2.27989847526932E-05, 1.47135459411655E-06, 3.59203630100518E-14,NS,NS, 6.64063989797015E-07,
 96,,,,,,,,,,BT_Cry8Hb1
 96,,,,,,,,,,NOV_Cry8Ha1_89.4_ABB29866.1
 96,,,,,,,,,,NOV_Cry8Ha1_89.8_ATY50148.1

 97 ,101, 5008, 1098, 1624, 446, 1677, 419,^NOV_Cry2Ak1_76.8_AX513524.1,BT_Cry2Ba2,Unknown (NOV_Cry2Ah2_92.7_AX098631.1), 1.630791089529E-08, 4.6108550615205E-11, 1.94439035338927E-11, 5.19439849074518E-08, 1.65097670142947E-07, 2.24943071846278E-07,NS,NS, 1.35080729679604E-06,
 97,,,,,,,,,,Unknown(BT_Cry2Aa3)
 97,,,,,,,,,,Unknown(BT_Cry2Ab12)
 97,,,,,,,,,,Unknown(BT_Cry2Ab15)
 97,,,,,,,,,,Unknown(BT_Cry2Ad5)
 97,,,,,,,,,,Unknown(BT_Cry2Af1)
 97,,,,,,,,,,Unknown(BT_Cry2Ag1)
 97,,,,,,,,,,Unknown(BT_Cry2Ah3)
 97,,,,,,,,,,Unknown(BT_Cry2Ak1)
 97,,,,,,,,,,Unknown(BT_Cry2Al1)
 97,,,,,,,,,,Unknown(NOV_Cry2Ab4_93.2_AIT70915.1)

 98 ,102, 124, 1136, 76, 519, 47, 456,^NOV_Cry32Ea2_41.9_AQM56938.1,BT_Cry32Aa1,BT_Cry32Ka1, 5.93921757246961E-11,NS,NS, 1.57718650786196E-08, 1.54676056716961E-05, 1.17206953044919E-07,NS,NS, 2.59512188284916E-03,

 99 ,103, 1102, 3541*, 462, 1218*, 423, 1206*,^BT_Cry1Ea10,NOV_Cry1Ea10_93.2_AAX86871.1,BT_Cry1Eb1, 5.17543542834975E-10, 6.30593747930624E-08, 1.06380108456247E-08, 9.13779026499683E-11,NS, 4.91578866423525E-22,NS,NS, 3.35029296798517E-05,

 100 ,104, 5002, 1120, 1651, 476, 1677, 440,NOV_Cry2Ab4_93.2_AIT70915.1,BT_Cry2Al1,BT_Cry2Ag1, 9.44158951935929E-11, 2.00653514467301E-08, 3.91702989023507E-10, 7.3452453081852E-03,NS, 8.20465356504882E-11,NS,NS, 2.06102976608201E-10,
 100,,,,,,,,,,BT_Cry2Ab15

 101 ,105, 5016, 1825, 1643, 673, 1683, 691,^NOV_Cry19Ba1_74.0_AGV55021.1,BT_Cry19Ba1,BT_Cry19Ca1, 5.84563836018211E-10, 6.46275808776422E-08,NS, 2.83534538729878E-10, 1.51357781993103E-09, 2.88473967901253E-13,NS,NS, 1.2247085090511E-07,

 102 ,106, 4062, 5082, 1399, 1660, 1407, 1732,NOV_Cry40Da1_77.3_ARJ25823.1,Unknown (NOV_Cry40Da1_66.9_PEU78339.1),NOV_Cry40Da1_81.5_AIN76756.1, 3.52071892314987E-05,NS,NS, 7.0200255419917E-10, 4.0464502947418E-03,NS,NS,NS, 7.03706004745452E-06,

 103 ,107, 3822, 5052, 1326, 1686, 1350, 1709,^BT_Cry3Bb1,BT_Cry8Da1,BT_Cry3Ca1, 1.13690185392033E-09, 1.57262684063925E-04,NS, 2.49358973341088E-04, 7.85360812296029E-09, 9.60595141219266E-04,NS,NS, 9.07191544108343E-10,
 103,,,,,,,,BT_Cry3Ba1,,

 104 ,108, 204, 1090, 112, 454, 88, 412,^BT_Cry1Ca11,Unknown (NOV_Cry1Ea10_93.2_AAX86871.1),NOV_Cry1Da1_83.2_AIW52615.1, 2.47995254222405E-09, 2.89272966904927E-02,NS, 2.99118846760719E-07, 2.6851092556486E-06, 3.33600562760965E-08,NS,NS, 2.6372023412824E-06,
 104,,,,,,,,BT_Cry1Cb1,,BT_Cry1Da1

 105 ,109, 3940, 5002, 1325, 1625, 1406, 1677,^NOV_Cry29Aa1_96.4_OUC03129.1,BT_Cry4Aa1,Unknown (NOV_Cry4Ca2_48.4_AZJ24771.1), 2.49134646906047E-09, 5.32308419134934E-05,NS, 1.0830435890164E-03, 9.5026358477044E-04, 7.39676710039499E-15,NS,NS, 3.10357395106209E-04,
 105,,,,,,,,BT_Cry29Aa1,,

 106 ,110~, 3738, 3884*, 1364, 1424*, 1331, 1391*,^NOV_Cry54Aa1_88.1_AFU17344.1,Unknown (BT_Cry4Aa1),BT_Cry54Aa1, 2.55387724029377E-09, 4.05882462467476E-05,NS, 7.66625516345032E-04,NS,NS,NS,NS,NS,

 107 ,111, 3738*, 206, 1316*, 108, 1331*, 90,^BT_Cry8Ga1,Unknown (BT_Cry9Fa1),BT_Cry8Na1,NS,NS,NS, 2.98550280982136E-09, 1.7781450008851E-07,NS,NS,NS,NS,

 108 ,112, 222, 1092, 133, 513, 100, 414,^BT_Cry32Ta1,BT_Cry32Qa1,BT_Cry32Va1, 1.02734657707814E-07,NS, 5.06771566552087E-06, 4.03834817729924E-09, 1.44867636206346E-03, 7.59120597499086E-18,NS,NS,NS,
 108,,,,,,,,,,NOV_Cry32Va1_61.0_WP_134996253.1

 109 ,113~, 3481, 3734, 1291, 1357, 1185, 1327,^BT_Cry59Ba1,BT_Cry40Ca1,BT_Cry59Aa1, 4.48561397840201E-09, 6.14219439106932E-06, 1.68694123876903E-04,NS,NS,NS,NS,NS, 1.67133283561576E-02,
 109,,,,,,,,,NOV_Cry40Da1_66.9_PEU78339.1,

 110 ,114, 3723, 5081*, 1280, 1669*, 1316, 1732*,^NOV_Cry40Da1_65.0_CAH33957.1,Unknown (NOV_Cry40Da1_66.9_PEU78339.1),BT_Cry40Da1, 3.23258381752343E-07, 1.81178127792898E-04,NS, 6.94079393454032E-09, 2.5351848221824E-10, 3.29731518440965E-08,NS,NS, 1.66752770926974E-15,
 110,,,,,,,,,,NOV_Cry40Da1_81.5_AIN76756.1

 111 ,115, 4162, 72, 1361, 24, 1407, 6,^NOV_Cry21Aa2_44.6_AZR80772.1,BT_Cry21Ba1,Unknown (BT_Cry21Fa1), 2.59570372768048E-08,NS,NS, 5.09851060160936E-04, 1.79937991607637E-05, 5.32723912299261E-15,NS,NS, 8.38876502251562E-06,
 111,,,,,,,,,BT_Cry21Aa1,

 112 ,117, 2066, 3418*, 761, 1237*, 828, 1155*,^BT_Cry30Ea1,Unknown (NOV_Cry30Ga2_64.5_ARJ25665.1),BT_Cry30Ca1, 4.37310675116837E-08, 2.64478671524926E-07, 1.75537795607624E-08, 8.23759744995338E-07, 4.94427469711073E-09, 2.0976397707346E-18,NS,NS, 1.88308057332833E-11,
 112,,,,,,,,,,NOV_Cry30Ca1_66.6_BAD00052.1

 113 ,119~, 4889, 5082, 1640, 1699, 1643, 1732,^NOV_Cry7Ca1_99.7_ABR67863.2,NOV_Cry41Ba2_42.3_BAD35166.1,NOV_Cry7Ca1_86.8_AGM39664.1, 1.98096677818673E-07, 5.25835173950818E-08,NS,NS,NS,NS,NS,NS,NS,

 114 ,121~, 3238, 3891, 1146, 1368, 1119, 1398,^BT_Cry31Aa6,BT_Cry31Ac1,BT_Cry31Ad1, 5.92187206619117E-08, 5.81585083759043E-07,NS, 3.64521406958129E-03, 1.55147685455945E-03, 2.3970620553056E-08,NS,NS, 1.21808207532759E-03,

 115 ,122, 1590, 3328, 619, 1203, 588, 1155,^BT_Cry30Aa1,Unknown (NOV_Cry30Ga2_64.5_ARJ25665.1),BT_Cry30Fa1, 2.50462660252649E-07, 1.21074733148551E-03, 3.30315610990728E-05, 1.06671474452089E-06, 2.89386198981448E-08, 2.69412880982813E-14,NS,NS, 8.43072193188563E-11,

 116 ,123, 1032, 3476*, 447, 1214*, 408, 1180*,^BT_Cry52Ca1,NOV_Cry52Ca1_62.9_AZJ24464.1,Unknown (BT_Cry52Aa1), 1.92307640344265E-05,NS, 4.20930689706339E-04, 4.42097398857175E-07, 2.46012662830456E-07, 4.86848650518389E-18,NS,NS, 2.63085544460751E-08,
 116,,,,,,,,,,Unknown(BT_Cry52Ba1)

 117 ,124~, 2396, 2512, 852, 912, 906, 969,^BT_Cry1Ag1,BT_Cry1Ab2,BT_Cry1Aa10, 8.06451925206576E-07,NS, 5.61739621449068E-06,NS,NS,NS,NS,NS, 2.59161324684754E-02,
 117,,,,,,,,,BT_Cry1Ab12,NOV_Cry1Ad2_87.7_AIW52617.1
 117,,,,,,,,,BT_Cry1Ac39,
 117,,,,,,,,,BT_Cry1Ah2,
 117,,,,,,,,,NOV_Cry1Ab12_91.4_AAK14338.1,
 117,,,,,,,,,NOV_Cry1Ac23_90.7_CAQ03747.1,

 118 ,125, 3734*, 5084, 1324*, 1702, 1327*, 1732,^BT_Cry40Ba1,Unknown (BT_Cry24Da1),NOV_Cry40Da1_66.9_PEU78339.1,NS,NS,NS, 8.43911219478985E-07, 4.74864022611187E-06,NS,NS,NS, 9.72126419866992E-05,

 119 ,126, 3530, 88, 1231, 37, 1195, 22,NOV_Cry69Ab1_58.0_PEU83535.1,BT_Cry69Aa1,NOV_Cry69Aa2_62.7_WP_103591151.1, 8.82211666173795E-07,NS, 3.26578960668803E-02, 2.07623254250814E-06, 1.51729772667679E-08, 7.5865015317121E-08,NS,NS, 9.07191544108343E-10,
 119,,,,,,,,,BT_Cry69Ab1,

 120 ,129~, 2146*, 2508, 767*, 896, 891*, 965,BT_Cry1A-like,BT_Cry1Aa10,BT_Cry1Ab12, 2.1536299547853E-06, 2.97770538307461E-04, 8.06176207910334E-06,NS, 1.75334737629925E-02, 5.96119002841304E-07,NS,NS, 4.55572143922556E-05,
 120,,,,,,,,,NOV_Cry1Ad2_87.7_AIW52617.1,BT_Cry1Ac39
 120,,,,,,,,,,BT_Cry1Ah2
 120,,,,,,,,,,NOV_Cry1Ab12_91.4_AAK14338.1
 120,,,,,,,,,,NOV_Cry1Ac23_90.7_CAQ03747.1

 121 ,131, 1830, 3242, 753, 1198, 696, 1123,^BT_Cry54Ba1,Unknown (NOV_Cry52Ca1_62.9_AZJ24464.1),NOV_Cry54Aa1_88.1_AFU17344.1,NS,NS,NS, 5.96859351070111E-07, 3.86201844919265E-03,NS,NS,NS,NS,
 121,,,,,,,,,Unknown(BT_Cry52Aa1),

 122 ,132~, 3474, 3823*, 1259, 1354*, 1179, 1351*,NOV_Cry40Aa1_67.9_CQ868314.1,Unknown (NOV_Cry40Da1_81.5_AIN76756.1),BT_Cry40Ca1, 2.23424238401116E-06, 1.48531018607637E-04,NS, 1.4949985698059E-04,NS,NS,NS,NS, 1.88721276113135E-05,
 122,,,,,,,,,Unknown(BT_Cry40Da1),
 122,,,,,,,,,Unknown(NOV_Cry40Da1_77.3_ARJ25823.1),

 123 ,133, 178, 1081, 106, 511, 64, 409,^BT_Cry32Qa1,BT_Cry32Ja1,BT_Cry32Oa1, 4.04768822659805E-06,NS, 2.10180736875021E-06, 1.18756207682919E-06, 1.82487102047129E-03, 4.10260253427455E-10,NS,NS, 1.14955615136002E-02,

 124 ,135~, 1988, 2100, 858, 907, 807, 859,^NOV_Cry21Ca2_64.6_AZR80780.1,NOV_Cry21Ca2_37.1_AOM14729.1,BT_Cry21Ba1, 5.20280305901058E-06, 7.9951935845814E-05,NS,NS,NS, 4.31255951234288E-04,NS,NS,NS,
 124,,,,,,,,NOV_Cry21Ca2_65.9_AZR80774.1,,

 125 ,136~, 3830, 4424, 1331, 1505, 1358, 1514,^NOV_Cry40Da1_81.5_AIN76756.1,BT_Cry44Aa1,BT_Cry7La1, 1.53333145483423E-06,NS, 1.12263917121913E-03, 9.23816735666476E-04, 1.37705262233778E-02, 8.45345675744267E-13,NS,NS,NS,
 125,,,,,,,,BT_Cry40Ca1,,
 125,,,,,,,,BT_Cry40Da1[P],,
 125,,,,,,,,NOV_Cry40Da1_66.9_PEU78339.1[P],,
 125,,,,,,,,NOV_Cry40Da1_77.3_ARJ25823.1[P],,
 125,,,,,,,,NOV_Cry4Ca2_48.4_AZJ24771.1[T],,

 126 ,137, 3606, 4888*, 1285, 1660*, 1231, 1642*,^NOV_Cry7Ea2_99.9_AFI42038.1,NOV_Cry8Ca1_41.2_AST51780.1,NOV_Cry7Ca1_99.7_ABR67863.2, 1.79695749339823E-03,NS,NS, 2.02293818574207E-11, 2.94307184337862E-05,NS,NS,NS, 9.2442775612156E-07,
 126,,,,,,,,,NOV_Cry8Ca1_42.6_ABY46520.1,

 127 ,138~, 2193*, 5064, 1014*, 1909, 891*, 1721,^BT_Cry65Aa2,NOV_Cry65Aa2_55.6_PDY37670.1,Unknown (BT_Cry40Da1), 2.07732080628853E-06, 1.45886499885984E-06,NS, 4.92444491338358E-02,NS, 3.40328403729935E-18,NS,NS,NS,
 127,,,,,,,,,,Unknown(BT_Cry40Aa1)
 127,,,,,,,,,,Unknown(NOV_Cry40Da1_66.9_PEU78339.1)
 127,,,,,,,,,,Unknown(NOV_Cry40Da1_81.5_AIN76756.1)

 128 ,139, 3715, 5052*, 1506, 1905*, 1308, 1709*,^BT_Cry65Aa2,NOV_Cry65Aa2_55.6_PDY37670.1,Unknown (NOV_Cry32Ua1_65.2_AQM56939.1),NS, 2.10948521840274E-16, 2.99966074845848E-10, 1.07735979720042E-02, 2.68753047091422E-02, 1.33408748981962E-04,NS,NS,NS,

 129 ,141~, 236, 1090, 144, 460, 114, 412,^NOV_Cry32Ma1_57.7_AXY11484.1,BT_Cry32Ua1,NOV_Cry32Ua1_65.2_AQM56939.1, 2.52436366587546E-06, .04730490549098,NS, 6.02638640376133E-04, 1.33994640101468E-03, 7.26813034038807E-05,NS,NS, 1.41819483789349E-02,
 129,,,,,,,,,BT_Cry32Da1,

 130 ,142~, 276, 777, 166, 334, 142, 292,^BT_Cry8Ac1,Unknown (BT_Cry8Ad1),NOV_Cry8Ab1_80.3_AFP44678.1, 6.39820403041765E-06,NS,NS,NS,NS,NS,NS,NS, 8.84819817946247E-03,
 130,,,,,,,,,,NOV_Cry8Ab1_80.0_AMR06151.1

 131 ,143, 2088, 3303, 817, 1198, 847, 1138,^BT_Cry9Da1,Unknown (BT_Cry8Ac1),BT_Cry9Db1,NS,NS,NS, 3.17292618022046E-08, 3.74892373423441E-04,NS,NS,NS, 4.17190317708138E-03,
 131,,,,,,,,,Unknown(NOV_Cry8Ab1_80.0_AMR06151.1),
 131,,,,,,,,,Unknown(NOV_Cry8Ab1_80.3_AFP44678.1),

 132 ,144~, 3652, 5033, 1305, 1681, 1245, 1691,^NOV_Cry9Ga1_58.0_AJS57594.1,NOV_Cry43Cb1_38.6_AGV55020.1,BT_Cry59Aa1, 1.0193021092594E-05,NS,NS, 2.62205244140193E-04, 7.74508464262874E-04, 4.10868665983195E-07,NS,NS,NS,
 132,,,,,,,,,NOV_Cry53Ab1_39.4_AFM37573.1,

 133 ,147, 254, 1500, 144, 517, 132, 510,^BT_Cry8Fa2,Unknown (NOV_Cry8Ba1_88.6_AEP25412.1),NOV_Cry8Db1_51.1_PNK22955.1, 1.96035700541002E-05,NS, 6.39744482934414E-03, 6.61589345168862E-04, 1.75482008048421E-08, 8.18616123348324E-04,NS,NS, 1.37620862539212E-06,
 133,,,,,,,,BT_Cry8Qa1,Unknown(BT_Cry8Ba1),
 133,,,,,,,,,Unknown(BT_Cry8Bc1),

 134 ,148~, 3474, 4184*, 1218, 1406*, 1179, 1407*,^BT_Cry1Ab2,Unknown (BT_Cry1Aa10),BT_Cry1Ab12,NS, 2.41922058094419E-05, 2.70760915224965E-05, 1.20604905081092E-02,NS,NS,NS,NS, 2.06027127748432E-03,
 134,,,,,,,,,Unknown(NOV_Cry1Ad2_87.7_AIW52617.1),BT_Cry1A-like
 134,,,,,,,,,,NOV_Cry1Ab12_91.4_AAK14338.1
 134,,,,,,,,,,NOV_Cry1Ab32_92.7_AAK14337.1

 135 ,149~, 1116, 1625, 478, 787, 436, 610,^BT_Cry41Ba2,NOV_Cry41Ca1_50.4_AZJ24166.1,BT_Cry32Pa1, 2.96099225664031E-05, 7.27991369139817E-03,NS,NS, 9.83169116583615E-04, 2.28157731262802E-03,NS,NS, 7.76430871293432E-03,

 136 ,151, 4678, 1114, 1550, 467, 1573, 434,^BT_Cry2Ab12,BT_Cry2Ad5,NOV_Cry2Ah2_92.7_AX098631.1, 4.73323480778243E-05, 1.98169972478302E-04, 6.25451768036403E-05, 3.07301325131994E-05, 5.79818761153109E-03, 1.08415262737794E-06,NS,NS, 1.63594516438692E-03,
 136,,,,,,,,BT_Cry2Ab15,,BT_Cry2Ak1

 137 ,152~, 3907*, 4468, 1378*, 1492, 1406*, 1528,^BT_Cry31Aa6,NOV_Cry70Bb1_67.1_OUB77817.1,BT_Cry31Ac1, 6.19526503952519E-05, 1.25224680114035E-03,NS, 3.32647655872423E-18,NS,NS,NS,NS,NS,
 137,,,,,,,,BT_Cry31Ab1[P],,
 137,,,,,,,,BT_Cry31Ad1[P],,

 138 ,153~, 134, 774, 65, 331, 47, 289,^BT_Cry32Ua1,BT_Cry73Aa1,NOV_Cry32Ua1_65.2_AQM56939.1, 1.93275812655263E-06,NS,NS, 3.19398997528183E-03, 9.78529920067946E-03, 2.94914908533938E-08,NS,NS,NS,
 138,,,,,,,,BT_Cry32Da1,NOV_Cry73Aa1_88.4_AQM56942.1,

 139 ,154~, 4707, 5040, 1687, 1760, 1600, 1698,^BT_Cry31Ac1,NOV_Cry70Aa1_77.7_WP_098222608.1,BT_Cry31Ad1, 9.76342980932799E-03, 5.3066262395188E-06,NS, 2.52444427153253E-03,NS,NS,NS,NS,NS,
 139,,,,,,,,,BT_Cry70Aa1,BT_Cry31Ab1
 139,,,,,,,,,BT_Cry70Ba1,

 140 ,158~, 4578, 5040, 1478, 1631, 1528, 1698,^NOV_Cry1Ga1_77.9_AX098669.1,Unknown (NOV_Cry1Da1_83.2_AIW52615.1),BT_Cry1Ha1, 1.0272215652985E-04,NS,NS,NS,NS, 2.37668310873382E-05,NS,NS,NS,

 141 ,161~, 4014, 5052*, 1434, 1761*, 1407, 1709*,^NOV_Cry8Aa1_47.1_EEM92570.1,Unknown (BT_Cry8Ea2),BT_Cry8Ad1, 2.30905288926101E-04,NS,NS, 7.32289776486326E-04, 2.34586517014855E-04, 1.94580630938698E-06,NS,NS, 6.64969190899978E-06,

 142 ,162, 3737*, 5060, 1327*, 1715, 1330*, 1717,^BT_Cry9Bb1,Unknown (BT_Cry8Ad1),BT_Cry9Ba1,NS,NS,NS, 4.87017410341374E-09, 1.97766010130695E-05,NS,NS,NS,NS,

 143 ,163, 278, 1644, 156, 605, 144, 613,NOV_Cry8Db1_51.1_PNK22955.1,NOV_Cry8Ja1_60.3_PEE68563.1,NOV_Cry7Ba1_84.3_AFI42043.1, 4.98010908386924E-02,NS, 1.03469739793676E-02, 1.8189978883486E-04,NS, 8.85967448370899E-10,NS,NS,NS,
 143,,,,,,,,,,BT_Cry7Bb1

 144 ,164~, 3724, 4399, 1425, 1616, 1317, 1490,^BT_Cry5Ba1,BT_Cry5Ab1,BT_Cry58Aa1, 2.78081755668331E-04,NS,NS,NS,NS, 4.43530769568287E-03,NS,NS, .046002102069677,

 145 ,165~, 4494*, 5050, 1518*, 1657, 1528*, 1707,^BT_Cry40Da1,NOV_Cry40Da1_66.9_PEU78339.1,NOV_Cry40Da1_81.5_AIN76756.1, 2.97411412977337E-04,NS,NS,NS,NS, 1.09490608879288E-02,NS,NS, 1.46568731494434E-04,

 146 ,166~, 4579, 5084, 1461, 1627, 1528, 1732,^BT_Cry1La1,Unknown (BT_Cry1Da1),BT_Cry1Ha1, 3.08915563781039E-04,NS, 2.26850613904721E-03,NS,NS, 1.11793015691897E-03,NS,NS, 4.72488101660564E-02,
 146,,,,,,,,,Unknown(BT_Cry1Db1),

 147 ,169~, 212, 1556, 135, 606, 96, 554,^BT_Cry32Na1,BT_Cry32Ia1,Unknown (BT_Cry32Va1), 3.53087161805325E-04,NS,NS, 3.51965688589106E-06, 4.3712429633205E-03, 2.38782583963528E-07,NS,NS,NS,
 147,,,,,,,,,,Unknown(NOV_Cry32Va1_61.0_WP_134996253.1)

 148 ,170~, 1112, 1830, 466, 666, 433, 696,^NOV_Cry43Cb1_43.9_PEA91147.1,BT_Cry40Da1,NOV_Cry53Ab1_39.4_AFM37573.1,NS,NS,NS, 3.63625817272347E-04,NS,NS,NS,NS, 3.51405615385609E-02,
 148,,,,,,,,BT_Cry43Aa1[T],,
 148,,,,,,,,BT_Cry43Ca1[T],,
 148,,,,,,,,BT_Cry43Cb1[T],,
 148,,,,,,,,BT_Cry43Cc1[T],,

 149 ,171~, 126, 776, 63, 339, 47, 291,^BT_Cry32Fa1,BT_Cry32Ba1,BT_Cry32Ga1, 3.74777024149685E-04,NS,NS,NS,NS,NS,NS,NS, 6.98594733339331E-05,

 150 ,172~, 4922, 5084, 1682, 1720, 1648, 1732,^NOV_Cry7Ea2_99.9_AFI42038.1,Unknown (BT_Cry7Ha1),NOV_Cry7Ca1_86.8_AGM39664.1, 1.31385108156717E-03, 7.48996582527885E-04,NS,NS,NS,NS,NS,NS, 3.84191102976121E-02,

 151 ,173~, 1163*, 2120, 514*, 815, 469*, 878,^BT_Cry9Ca1,Unknown (BT_Cry9Eb1),BT_Cry9Ec1,NS,NS,NS, 9.80228688442861E-04, 8.81092801918946E-03,NS,NS,NS, 2.44528857913984E-03,
 151,,,,,,,,,Unknown(BT_Cry9Ea10),BT_Cry9Ed1

 152 ,174~, 3239, 3786, 1042, 1293, 1120, 1339,NOV_Cry2Ab4_93.2_AIT70915.1,BT_Cry2Ai1,BT_Cry2Ab15, 6.90804859467539E-07, 7.29009419490615E-05, 6.6209345519005E-03, 2.18437119995427E-03, 1.02472677750669E-02, 6.69109843920624E-05,NS,NS, 3.44732727364239E-07,
 152,,,,,,,,,BT_Cry2Aa13,BT_Cry2Ab12
 152,,,,,,,,,,BT_Cry2Ag1

 153 ,178~, 137, 288, 59, 166, 47, 151,^NOV_Cry43Cb1_43.9_PEA91147.1,BT_Cry8Bc1,Unknown (BT_Cry7Gb1), 4.05668037873624E-03, 1.06021488399169E-03,NS, 1.55476363039809E-02,NS, 7.83692829862943E-04,NS,NS,NS,
 153,,,,,,,,,BT_Cry8Ba1,Unknown(BT_Cry7Gc1)
 153,,,,,,,,,NOV_Cry8Ba1_88.6_AEP25412.1,

 154 ,180~, 5050, 670, 1699, 303, 1707, 258,^NOV_Cry8Da1_43.7_ANC11094.1,Unknown (NOV_Cry8Ma3_96.0_ATY50149.1),NOV_Cry8Ha1_89.8_ATY50148.1,NS,NS,NS, 1.17153386547312E-03, 3.56115101006942E-03,NS,NS,NS,NS,
 154,,,,,,,,,Unknown(NOV_Cry8Ma2_96.0_WP_103622989.1),BT_Cry8Ha1
 154,,,,,,,,,,NOV_Cry8Ha1_89.4_ABB29866.1

 155 ,181~, 620, 1092, 311, 474, 251, 414,^NOV_Cry4Ba1_63.7_AJW76684.1,NOV_Cry56Aa4_77.6_ARJ25668.1,BT_Cry54Aa1, 1.30827802279799E-03,NS,NS,NS, 4.84676571511288E-02,NS,NS,NS, 3.99519015804062E-03,
 155,,,,,,,,BT_Cry4Ba1[T],NOV_Cry56Aa4_79.3_WP_103592286.1,NOV_Cry54Aa1_88.1_AFU17344.1
 155,,,,,,,,BT_Cry4Ba3[T],,
 155,,,,,,,,NOV_Cry4Ba1_63.8_OUB35623.1[T],,

 156 ,183~, 5082*, 92, 1672*, 50, 1732*, 26,^BT_Cry1Ah2,BT_Cry1Ad1,NOV_Cry1Ad2_87.7_AIW52617.1,NS, 1.42339379309551E-03,NS,NS,NS,NS,NS,NS, 9.10983900528906E-04,

 157 ,186~, 3552, 4904*, 1236, 1622*, 1209, 1648*,^BT_Cry1Aa10,BT_Cry1A-like,BT_Cry1Ad1, 9.10557383992049E-06, 4.28796016789702E-05, 6.52631513036369E-06, 9.54129552857698E-03,NS, 3.59085254123957E-04,NS,NS, 3.04871481521141E-04,
 157,,,,,,,,BT_Cry1Ag1[P],BT_Cry1Ab12,
 157,,,,,,,,NOV_Cry1Ad2_87.7_AIW52617.1,NOV_Cry1Ab12_91.4_AAK14338.1,
 157,,,,,,,,,NOV_Cry1Ab32_92.7_AAK14337.1,

 158 ,187~, 2637, 3052, 1027, 1149, 1017, 1058,^NOV_Cry40Aa1_67.9_CQ868314.1,NOV_Cry32Va1_61.0_WP_134996253.1,NOV_Cry40Da1_77.3_ARJ25823.1,NS,NS,NS, 1.14330918089814E-04,NS, 2.85819109313226E-24,NS,NS,NS,
 158,,,,,,,,BT_Cry40Aa1,BT_Cry32Va1,BT_Cry40Da1
 158,,,,,,,,BT_Cry40Ca1,,NOV_Cry40Da1_81.5_AIN76756.1

 159 ,188~, 4578*, 48, 1489*, 6, 1528*, 1,^NOV_Cry1Ha1_85.7_AIW52616.1,BT_Cry1Da1,BT_Cry1Hb1, 3.73476284042196E-02,NS,NS, 2.61895710249954E-04,NS,NS,NS,NS,NS,
 159,,,,,,,,,BT_Cry1Db1,

 160 ,189~, 4474, 4964, 1561, 1739, 1528, 1661,^BT_Cry32Ea2,NOV_Cry14Aa1_44.0_PGW42274.1,BT_Cry32Ka1, 2.6208657436499E-04,NS,NS,NS, .020948801656745, 1.7639726258659E-05,NS,NS, 3.18475113472383E-04,
 160,,,,,,,,BT_Cry32Ea1,,

 161 ,191~, 774, 1132, 256, 456, 289, 452,^BT_Cry65Aa2,Unknown (NOV_Cry70Aa1_77.7_WP_098222608.1),BT_Cry7Bb1,NS,NS,NS, 9.46640499545028E-04, 2.00907629391141E-02, 1.86182025158923E-02,NS,NS,NS,
 161,,,,,,,,,,BT_Cry7Ia1

 162 ,192~, 5006, 852, 1645, 391, 1677, 358,^BT_Cry2Ah3,Unknown (BT_Cry2Aa3),NOV_Cry2Ah2_92.7_AX098631.1, 2.27417029742473E-03,NS,NS, 1.91349772618819E-02, .01865027536335, 7.90194160026017E-03,NS,NS, 9.24677170731192E-04,
 162,,,,,,,,BT_Cry2Ag1[P],Unknown(BT_Cry2Al1),

 163 ,196~, 3532, 5087, 1260, 1741, 1197, 1732,^BT_Cry5Ea2,NOV_Cry21Ca2_64.6_AZR80780.1,Unknown (BT_Cry21Fa1), 4.10151385607737E-03,NS,NS, 6.41827772727415E-04,NS, 4.21600766499045E-08,NS,NS,NS,
 163,,,,,,,,BT_Cry5Ab1[T],BT_Cry21Ca1,
 163,,,,,,,,,NOV_Cry21Ca2_65.9_AZR80774.1,

 164 ,198~, 3864, 3902*, 1302, 1332*, 1371, 1406*,^NOV_Cry20Ba2_80.0_AGV55017.1,Unknown (NOV_Cry7Ba1_84.3_AFI42043.1),NOV_Cry68Aa1_80.1_PEU91245.1,NS, 4.77613514387124E-03,NS,NS,NS, 2.09313551243903E-02,NS,NS,NS,
 164,,,,,,,,BT_Cry20Aa1,Unknown(BT_Cry7Da1),BT_Cry68Aa1
 164,,,,,,,,BT_Cry20Ba2,,NOV_Cry68Aa1_74.8_WP_103592020.1

 165 ,200~, 86, 1006, 38, 475, 20, 388,^BT_Cry32Ka1,BT_Cry32Ra1,BT_Cry32Oa1, 4.94455745484036E-04,NS,NS, 5.87476810772564E-03, 2.23810411293809E-03,NS,NS,NS, 1.01298938920975E-02,

 166 ,202~, 2414*, 4904, 871*, 1627, 916*, 1648,^BT_Cry43Cb1,BT_Cry43Cc1,Unknown (BT_Cry43Ca1),NS,NS,NS, 7.50957126485611E-04, 2.22720087696802E-04, 2.25334196306348E-04,NS,NS, 1.64955604284434E-03,

 167 ,204~, 2772, 2994, 1043, 1121, 1049, 1058,^BT_Cry1Bb1,Unknown (BT_Cry1Bh1),BT_Cry1Bj1, 6.11828835364011E-03, 2.72946774697179E-02,NS,NS,NS, 9.41934802686064E-09,NS,NS,NS,
 167,,,,,,,,BT_Cry1Bd1,,BT_Cry1Be1

 168 ,205~, 3321*, 3552*, 1217*, 1308*, 1148*, 1209*,^BT_Cry9Db1,NOV_Cry8Ab1_80.3_AFP44678.1,BT_Cry9Da1, 6.19818411967104E-03,NS,NS, 1.20048653577839E-03,NS,NS,NS,NS, .042364577253479,
 168,,,,,,,,BT_Cry9Dc1,,

 169 ,206~, 1108, 2046, 462, 724, 429, 812,^BT_Cry1Eb1,Unknown (NOV_Cry32Va1_61.0_WP_134996253.1),NOV_Cry1Da1_83.2_AIW52615.1,NS,NS,NS, 6.51053983075804E-03, 3.53355432626659E-02,NS,NS,NS,NS,
 169,,,,,,,,NOV_Cry1Ea10_93.2_AAX86871.1,Unknown(BT_Cry32Va1),

 170 ,207~, 3816*, 5072, 1356*, 1738, 1344*, 1729,^BT_Cry4Aa1,NOV_Cry48Aa1_36.6_CAH33948.1,Unknown (NOV_Cry4Ca2_48.4_AZJ24771.1), 6.63791533068077E-03,NS,NS,NS,NS, 4.89049133583714E-06,NS,NS,NS,
 170,,,,,,,,,NOV_Cry48Aa1_36.9_CAH33950.1,

 171 ,208~, 214, 1092, 141, 483, 96, 414,^NOV_Cry32Va1_61.0_WP_134996253.1,Unknown (BT_Cry32Ha1),NOV_Cry32Hb1_41.4_AQX37181.1, 7.25256814340652E-03,NS,NS, 1.40283487964249E-04,NS, 3.67299010232878E-06,NS,NS,NS,
 171,,,,,,,,BT_Cry32Va1,Unknown(BT_Cry32Hb1),

 172 ,212~, 2759, 2982*, 1028, 1103*, 1041, 1058*,^BT_Cry1Bh1,BT_Cry1Be1,BT_Cry1Ia18,NS,NS,NS, 9.20650873082786E-03,NS, 1.2455970920925E-03,NS,NS,NS,
 172,,,,,,,,,BT_Cry1Bj1,BT_Cry1Ic1

 173 ,213~, 3318*, 3496*, 1205*, 1261*, 1145*, 1188*,^BT_Cry8Bc1,Unknown (BT_Cry8Pa1),BT_Cry8Ba1, .011420326929941,NS,NS,NS,NS,NS,NS,NS, 1.86917698154202E-02,
 173,,,,,,,,,,NOV_Cry8Ba1_88.6_AEP25412.1

 174 ,214, 4478, 1850, 1577, 764, 1528, 710,^BT_Cry14Ab1,NOV_Cry14Ab1_85.6_AXE15628.1,BT_Cry14Aa1, 1.21818223177481E-02, 1.53431838144928E-02, 2.39439109592252E-03, 6.55865917958399E-07, 4.38337275246212E-06, 1.21765095196989E-14,NS,NS, 9.07191544108343E-10,

Table Key:
~            = It is possible that this apparent recombination signal could have been caused by an evolutionary
               process other than recombination.
*            = The actual breakpoint position is undetermined (it was most likely overprinted by a subsequent 
               recombination event).
^            = The recombinant sequence may have been misidentified (one of the identified parents might be the recombinant)
Minor Parent = Parent contributing the smaller fraction of sequence.
Major Parent = Parent contributing the larger fraction of sequence.
Unknown      = Only one parent and a recombinant need be in the alignment for a recombination event to be detectable.
               The sequence listed as unknown was used to infer the existance of a missing parental sequence.
NS           = No significant P-value was recorded for this recombination event using this method.
