cluster	domain	coord	site_type	align_length	clust_abundance
BT_Cry1Ab12	domain1	1.4925373134328357	non_syn	201	30
BT_Cry1Ab12	domain1	2.4875621890547266	non_syn	201	30
BT_Cry1Ab12	domain1	5.970149253731343	non_syn	201	30
BT_Cry1Ab12	domain1	6.965174129353234	non_syn	201	30
BT_Cry1Ab12	domain1	8.45771144278607	non_syn	201	30
BT_Cry1Ab12	domain1	8.955223880597014	non_syn	201	30
BT_Cry1Ab12	domain1	9.45273631840796	non_syn	201	30
BT_Cry1Ab12	domain1	9.950248756218906	non_syn	201	30
BT_Cry1Ab12	domain1	10.44776119402985	non_syn	201	30
BT_Cry1Ab12	domain1	10.945273631840797	non_syn	201	30
BT_Cry1Ab12	domain1	11.442786069651742	non_syn	201	30
BT_Cry1Ab12	domain1	11.940298507462686	non_syn	201	30
BT_Cry1Ab12	domain1	15.92039800995025	non_syn	201	30
BT_Cry1Ab12	domain1	17.91044776119403	non_syn	201	30
BT_Cry1Ab12	domain1	20.398009950248756	non_syn	201	30
BT_Cry1Ab12	domain1	29.35323383084577	non_syn	201	30
BT_Cry1Ab12	domain1	30.845771144278604	non_syn	201	30
BT_Cry1Ab12	domain1	31.8407960199005	non_syn	201	30
BT_Cry1Ab12	domain1	32.33830845771145	non_syn	201	30
BT_Cry1Ab12	domain1	33.33333333333333	non_syn	201	30
BT_Cry1Ab12	domain1	39.30348258706468	non_syn	201	30
BT_Cry1Ab12	domain1	39.800995024875625	non_syn	201	30
BT_Cry1Ab12	domain1	46.26865671641791	non_syn	201	30
BT_Cry1Ab12	domain1	47.76119402985074	non_syn	201	30
BT_Cry1Ab12	domain1	49.75124378109453	non_syn	201	30
BT_Cry1Ab12	domain1	52.23880597014925	non_syn	201	30
BT_Cry1Ab12	domain1	56.71641791044776	indel	201	30
BT_Cry1Ab12	domain1	57.2139303482587	non_syn	201	30
BT_Cry1Ab12	domain1	57.711442786069654	non_syn	201	30
BT_Cry1Ab12	domain1	58.70646766169154	non_syn	201	30
BT_Cry1Ab12	domain1	59.20398009950249	non_syn	201	30
BT_Cry1Ab12	domain1	59.70149253731343	non_syn	201	30
BT_Cry1Ab12	domain1	60.19900497512438	non_syn	201	30
BT_Cry1Ab12	domain1	60.69651741293532	indel	201	30
BT_Cry1Ab12	domain1	61.19402985074627	indel	201	30
BT_Cry1Ab12	domain1	61.69154228855721	non_syn	201	30
BT_Cry1Ab12	domain1	62.189054726368155	non_syn	201	30
BT_Cry1Ab12	domain1	62.68656716417911	non_syn	201	30
BT_Cry1Ab12	domain1	63.18407960199005	non_syn	201	30
BT_Cry1Ab12	domain1	63.681592039801	non_syn	201	30
BT_Cry1Ab12	domain1	64.17910447761194	non_syn	201	30
BT_Cry1Ab12	domain1	65.17412935323384	non_syn	201	30
BT_Cry1Ab12	domain1	66.16915422885572	non_syn	201	30
BT_Cry1Ab12	domain1	67.16417910447761	non_syn	201	30
BT_Cry1Ab12	domain1	68.1592039800995	non_syn	201	30
BT_Cry1Ab12	domain1	68.65671641791045	non_syn	201	30
BT_Cry1Ab12	domain1	74.6268656716418	non_syn	201	30
BT_Cry1Ab12	domain1	75.62189054726367	non_syn	201	30
BT_Cry1Ab12	domain1	76.11940298507463	non_syn	201	30
BT_Cry1Ab12	domain1	78.1094527363184	non_syn	201	30
BT_Cry1Ab12	domain1	86.56716417910447	non_syn	201	30
BT_Cry1Ab12	domain1	88.55721393034825	non_syn	201	30
BT_Cry1Ab12	domain1	97.01492537313433	non_syn	201	30
BT_Cry1Ab12	domain1	0.9950248756218906	syn	201	30
BT_Cry1Ab12	domain1	2.9850746268656714	syn	201	30
BT_Cry1Ab12	domain1	3.9800995024875623	syn	201	30
BT_Cry1Ab12	domain1	4.975124378109453	syn	201	30
BT_Cry1Ab12	domain1	5.472636815920398	syn	201	30
BT_Cry1Ab12	domain1	12.437810945273633	syn	201	30
BT_Cry1Ab12	domain1	14.427860696517413	syn	201	30
BT_Cry1Ab12	domain1	19.900497512437813	syn	201	30
BT_Cry1Ab12	domain1	23.383084577114428	syn	201	30
BT_Cry1Ab12	domain1	26.368159203980102	syn	201	30
BT_Cry1Ab12	domain1	27.860696517412936	syn	201	30
BT_Cry1Ab12	domain1	28.855721393034827	syn	201	30
BT_Cry1Ab12	domain1	37.81094527363184	syn	201	30
BT_Cry1Ab12	domain1	41.7910447761194	syn	201	30
BT_Cry1Ab12	domain1	45.27363184079602	syn	201	30
BT_Cry1Ab12	domain1	46.766169154228855	syn	201	30
BT_Cry1Ab12	domain1	52.736318407960205	syn	201	30
BT_Cry1Ab12	domain1	54.22885572139303	syn	201	30
BT_Cry1Ab12	domain1	56.21890547263681	syn	201	30
BT_Cry1Ab12	domain1	65.67164179104478	syn	201	30
BT_Cry1Ab12	domain1	69.15422885572139	syn	201	30
BT_Cry1Ab12	domain1	80.59701492537313	syn	201	30
BT_Cry1Ab12	domain1	83.08457711442786	syn	201	30
BT_Cry1Ab12	domain1	89.05472636815921	syn	201	30
BT_Cry1Ab12	domain1	93.03482587064677	syn	201	30
BT_Cry1Ab12	domain1	96.51741293532339	syn	201	30
BT_Cry1Ab12	domain1	98.00995024875621	syn	201	30
BT_Cry1Ab12	domain1	98.50746268656717	syn	201	30
BT_Cry1Ab12	domain1	99.00497512437812	syn	201	30
BT_Cry1Ia11	domain1	1.4925373134328357	non_syn	201	29
BT_Cry1Ia11	domain1	7.960199004975125	non_syn	201	29
BT_Cry1Ia11	domain1	10.945273631840797	non_syn	201	29
BT_Cry1Ia11	domain1	12.437810945273633	non_syn	201	29
BT_Cry1Ia11	domain1	31.343283582089555	non_syn	201	29
BT_Cry1Ia11	domain1	31.8407960199005	non_syn	201	29
BT_Cry1Ia11	domain1	36.318407960199	non_syn	201	29
BT_Cry1Ia11	domain1	40.79601990049751	non_syn	201	29
BT_Cry1Ia11	domain1	45.77114427860697	non_syn	201	29
BT_Cry1Ia11	domain1	47.2636815920398	non_syn	201	29
BT_Cry1Ia11	domain1	53.233830845771145	non_syn	201	29
BT_Cry1Ia11	domain1	64.6766169154229	non_syn	201	29
BT_Cry1Ia11	domain1	66.66666666666666	non_syn	201	29
BT_Cry1Ia11	domain1	71.14427860696517	non_syn	201	29
BT_Cry1Ia11	domain1	72.13930348258707	non_syn	201	29
BT_Cry1Ia11	domain1	72.636815920398	non_syn	201	29
BT_Cry1Ia11	domain1	74.12935323383084	non_syn	201	29
BT_Cry1Ia11	domain1	76.11940298507463	non_syn	201	29
BT_Cry1Ia11	domain1	76.61691542288557	non_syn	201	29
BT_Cry1Ia11	domain1	77.11442786069652	non_syn	201	29
BT_Cry1Ia11	domain1	77.61194029850746	non_syn	201	29
BT_Cry1Ia11	domain1	92.03980099502488	non_syn	201	29
BT_Cry1Ia11	domain1	98.50746268656717	non_syn	201	29
BT_Cry1Ia11	domain1	99.00497512437812	non_syn	201	29
BT_Cry1Ia11	domain1	10.44776119402985	syn	201	29
BT_Cry1Ia11	domain1	32.33830845771145	syn	201	29
BT_Cry1Ia11	domain1	41.29353233830846	syn	201	29
BT_Cry1Ia11	domain1	49.25373134328358	syn	201	29
BT_Cry1Ia11	domain1	54.22885572139303	syn	201	29
BT_Cry1Ia11	domain1	59.70149253731343	syn	201	29
BT_Cry1Ia11	domain1	61.69154228855721	syn	201	29
BT_Cry1Ia11	domain1	62.189054726368155	syn	201	29
BT_Cry1Ia11	domain1	62.68656716417911	syn	201	29
BT_Cry1Ia11	domain1	81.09452736318407	syn	201	29
BT_Cry1Ia11	domain1	82.08955223880598	syn	201	29
BT_Cry1Ia11	domain1	86.56716417910447	syn	201	29
BT_Cry1Ia11	domain1	87.56218905472637	syn	201	29
BT_Cry1Ia11	domain1	88.55721393034825	syn	201	29
BT_Cry1Ia11	domain1	89.05472636815921	syn	201	29
BT_Cry1Ia11	domain1	91.04477611940298	syn	201	29
BT_Cry1Ia11	domain1	92.53731343283582	syn	201	29
BT_Cry1Ia11	domain1	93.53233830845771	syn	201	29
BT_Cry1Ia11	domain1	95.52238805970148	syn	201	29
BT_Cry1Ia11	domain1	97.01492537313433	syn	201	29
BT_Cry2Ab15	domain1	0.5181347150259068	non_syn	193	30
BT_Cry2Ab15	domain1	6.217616580310881	non_syn	193	30
BT_Cry2Ab15	domain1	11.917098445595855	non_syn	193	30
BT_Cry2Ab15	domain1	16.06217616580311	non_syn	193	30
BT_Cry2Ab15	domain1	18.65284974093264	non_syn	193	30
BT_Cry2Ab15	domain1	21.761658031088082	non_syn	193	30
BT_Cry2Ab15	domain1	22.279792746113987	non_syn	193	30
BT_Cry2Ab15	domain1	26.42487046632124	non_syn	193	30
BT_Cry2Ab15	domain1	26.94300518134715	non_syn	193	30
BT_Cry2Ab15	domain1	28.497409326424872	non_syn	193	30
BT_Cry2Ab15	domain1	49.740932642487046	non_syn	193	30
BT_Cry2Ab15	domain1	50.77720207253886	non_syn	193	30
BT_Cry2Ab15	domain1	52.84974093264248	non_syn	193	30
BT_Cry2Ab15	domain1	59.067357512953365	non_syn	193	30
BT_Cry2Ab15	domain1	61.6580310880829	non_syn	193	30
BT_Cry2Ab15	domain1	70.98445595854922	non_syn	193	30
BT_Cry2Ab15	domain1	84.97409326424871	non_syn	193	30
BT_Cry2Ab15	domain1	99.48186528497409	non_syn	193	30
BT_Cry2Ab15	domain1	2.072538860103627	syn	193	30
BT_Cry2Ab15	domain1	3.1088082901554404	syn	193	30
BT_Cry2Ab15	domain1	4.145077720207254	syn	193	30
BT_Cry2Ab15	domain1	8.808290155440414	syn	193	30
BT_Cry2Ab15	domain1	17.098445595854923	syn	193	30
BT_Cry2Ab15	domain1	31.606217616580313	syn	193	30
BT_Cry2Ab15	domain1	36.787564766839374	syn	193	30
BT_Cry2Ab15	domain1	44.559585492227974	syn	193	30
BT_Cry2Ab15	domain1	53.36787564766839	syn	193	30
BT_Cry2Ab15	domain1	64.76683937823834	syn	193	30
BT_Cry2Ab15	domain1	70.46632124352331	syn	193	30
BT_Cry2Ab15	domain1	72.53886010362694	syn	193	30
BT_Cry2Ab15	domain1	74.61139896373057	syn	193	30
BT_Cry2Ab15	domain1	85.49222797927462	syn	193	30
BT_Cry2Ab15	domain1	90.15544041450777	syn	193	30
BT_Cry2Ab15	domain1	94.30051813471503	syn	193	30
BT_Cry2Ab15	domain1	96.37305699481865	syn	193	30
BT_Cry2Ab15	domain1	96.89119170984456	syn	193	30
BT_Cry1Aa10	domain1	3.482587064676617	non_syn	201	15
BT_Cry1Aa10	domain1	12.935323383084576	non_syn	201	15
BT_Cry1Aa10	domain1	13.930348258706468	non_syn	201	15
BT_Cry1Aa10	domain1	35.32338308457712	non_syn	201	15
BT_Cry1Aa10	domain1	49.25373134328358	non_syn	201	15
BT_Cry1Aa10	domain1	54.22885572139303	non_syn	201	15
BT_Cry1Aa10	domain1	61.69154228855721	non_syn	201	15
BT_Cry1Aa10	domain1	23.88059701492537	syn	201	15
BT_Cry1Aa10	domain1	57.711442786069654	syn	201	15
BT_Cry1Aa10	domain1	80.59701492537313	syn	201	15
BT_Cry1Aa10	domain1	93.03482587064677	syn	201	15
BT_Cry1Aa10	domain1	98.00995024875621	syn	201	15
BT_Cry1Ac39	domain1	5.970149253731343	non_syn	201	32
BT_Cry1Ac39	domain1	6.467661691542288	non_syn	201	32
BT_Cry1Ac39	domain1	10.945273631840797	non_syn	201	32
BT_Cry1Ac39	domain1	17.91044776119403	non_syn	201	32
BT_Cry1Ac39	domain1	40.298507462686565	non_syn	201	32
BT_Cry1Ac39	domain1	49.25373134328358	non_syn	201	32
BT_Cry1Ac39	domain1	53.233830845771145	non_syn	201	32
BT_Cry1Ac39	domain1	55.223880597014926	non_syn	201	32
BT_Cry1Ac39	domain1	64.17910447761194	non_syn	201	32
BT_Cry1Ac39	domain1	78.1094527363184	non_syn	201	32
BT_Cry1Ac39	domain1	84.5771144278607	non_syn	201	32
BT_Cry1Ac39	domain1	88.55721393034825	non_syn	201	32
BT_Cry1Ac39	domain1	90.04975124378109	non_syn	201	32
BT_Cry1Ac39	domain1	91.54228855721394	non_syn	201	32
BT_Cry1Ac39	domain1	97.01492537313433	non_syn	201	32
BT_Cry1Ac39	domain1	97.51243781094527	non_syn	201	32
BT_Cry1Ac39	domain1	99.00497512437812	non_syn	201	32
BT_Cry1Ac39	domain1	19.900497512437813	syn	201	32
BT_Cry1Ac39	domain1	36.318407960199	syn	201	32
BT_Cry1Ac39	domain1	79.1044776119403	syn	201	32
BT_Cry1Ac39	domain1	83.08457711442786	syn	201	32
BT_Cry1Ac39	domain1	89.05472636815921	syn	201	32
BT_Cry1Ac39	domain1	89.55223880597015	syn	201	32
BT_Cry1Ac39	domain1	92.53731343283582	syn	201	32
BT_Cry1Ac39	domain1	93.03482587064677	syn	201	32
BT_Cry1Ac39	domain1	93.53233830845771	syn	201	32
BT_Cry1Ac39	domain1	98.00995024875621	syn	201	32
BT_Cry1Ac39	domain1	98.50746268656717	syn	201	32
BT_Cry1Ac39	domain1	99.50248756218906	syn	201	32
BT_Cry2Aa13	domain1	0.5181347150259068	non_syn	193	14
BT_Cry2Aa13	domain1	5.181347150259067	non_syn	193	14
BT_Cry2Aa13	domain1	5.699481865284974	non_syn	193	14
BT_Cry2Aa13	domain1	6.217616580310881	non_syn	193	14
BT_Cry2Aa13	domain1	8.808290155440414	non_syn	193	14
BT_Cry2Aa13	domain1	16.06217616580311	non_syn	193	14
BT_Cry2Aa13	domain1	17.616580310880828	non_syn	193	14
BT_Cry2Aa13	domain1	24.870466321243523	non_syn	193	14
BT_Cry2Aa13	domain1	25.906735751295333	non_syn	193	14
BT_Cry2Aa13	domain1	29.015544041450774	non_syn	193	14
BT_Cry2Aa13	domain1	29.533678756476682	non_syn	193	14
BT_Cry2Aa13	domain1	31.606217616580313	non_syn	193	14
BT_Cry2Aa13	domain1	36.26943005181347	non_syn	193	14
BT_Cry2Aa13	domain1	36.787564766839374	non_syn	193	14
BT_Cry2Aa13	domain1	37.82383419689119	non_syn	193	14
BT_Cry2Aa13	domain1	38.34196891191709	non_syn	193	14
BT_Cry2Aa13	domain1	50.77720207253886	non_syn	193	14
BT_Cry2Aa13	domain1	51.29533678756477	non_syn	193	14
BT_Cry2Aa13	domain1	59.58549222797927	non_syn	193	14
BT_Cry2Aa13	domain1	75.12953367875647	non_syn	193	14
BT_Cry2Aa13	domain1	83.41968911917098	non_syn	193	14
BT_Cry2Aa13	domain1	84.97409326424871	non_syn	193	14
BT_Cry2Aa13	domain1	96.89119170984456	non_syn	193	14
BT_Cry2Aa13	domain1	3.1088082901554404	syn	193	14
BT_Cry2Aa13	domain1	4.145077720207254	syn	193	14
BT_Cry2Aa13	domain1	13.989637305699482	syn	193	14
BT_Cry2Aa13	domain1	17.098445595854923	syn	193	14
BT_Cry2Aa13	domain1	20.72538860103627	syn	193	14
BT_Cry2Aa13	domain1	21.243523316062177	syn	193	14
BT_Cry2Aa13	domain1	22.279792746113987	syn	193	14
BT_Cry2Aa13	domain1	24.352331606217618	syn	193	14
BT_Cry2Aa13	domain1	26.94300518134715	syn	193	14
BT_Cry2Aa13	domain1	27.979274611398964	syn	193	14
BT_Cry2Aa13	domain1	34.715025906735754	syn	193	14
BT_Cry2Aa13	domain1	41.968911917098445	syn	193	14
BT_Cry2Aa13	domain1	44.559585492227974	syn	193	14
BT_Cry2Aa13	domain1	52.84974093264248	syn	193	14
BT_Cry2Aa13	domain1	53.36787564766839	syn	193	14
BT_Cry2Aa13	domain1	64.76683937823834	syn	193	14
BT_Cry2Aa13	domain1	67.87564766839378	syn	193	14
BT_Cry2Aa13	domain1	74.61139896373057	syn	193	14
BT_Cry2Aa13	domain1	78.23834196891191	syn	193	14
BT_Cry2Aa13	domain1	79.27461139896373	syn	193	14
BT_Cry2Aa13	domain1	85.49222797927462	syn	193	14
BT_Cry2Aa13	domain1	87.04663212435233	syn	193	14
BT_Cry2Aa13	domain1	96.37305699481865	syn	193	14
BT_Cry2Aa13	domain1	97.92746113989638	syn	193	14
BT_Cry2Aa13	domain1	98.44559585492227	syn	193	14
BT_Cry2Aa13	domain1	99.48186528497409	syn	193	14
BT_Cry2Ac10	domain1	8.290155440414509	non_syn	193	12
BT_Cry2Ac10	domain1	35.751295336787564	non_syn	193	12
BT_Cry2Ac10	domain1	45.59585492227979	non_syn	193	12
BT_Cry2Ac10	domain1	51.29533678756477	non_syn	193	12
BT_Cry2Ac10	domain1	59.58549222797927	non_syn	193	12
BT_Cry2Ac10	domain1	60.10362694300518	non_syn	193	12
BT_Cry2Ac10	domain1	63.212435233160626	non_syn	193	12
BT_Cry2Ac10	domain1	75.64766839378238	non_syn	193	12
BT_Cry2Ac10	domain1	76.68393782383419	non_syn	193	12
BT_Cry2Ac10	domain1	77.720207253886	non_syn	193	12
BT_Cry2Ac10	domain1	81.34715025906736	non_syn	193	12
BT_Cry2Ac10	domain1	81.86528497409327	non_syn	193	12
BT_Cry2Ac10	domain1	87.04663212435233	non_syn	193	12
BT_Cry2Ac10	domain1	88.60103626943005	non_syn	193	12
BT_Cry2Ac10	domain1	76.16580310880829	syn	193	12
BT_Cry2Ac10	domain1	87.56476683937824	syn	193	12
BT_Cry1Ab12	domain2	100.0	non_syn	202	30
BT_Cry1Ab12	domain2	101.48514851485149	non_syn	202	30
BT_Cry1Ab12	domain2	101.98019801980197	non_syn	202	30
BT_Cry1Ab12	domain2	108.41584158415841	non_syn	202	30
BT_Cry1Ab12	domain2	109.4059405940594	non_syn	202	30
BT_Cry1Ab12	domain2	111.88118811881188	non_syn	202	30
BT_Cry1Ab12	domain2	112.37623762376238	non_syn	202	30
BT_Cry1Ab12	domain2	113.86138613861387	non_syn	202	30
BT_Cry1Ab12	domain2	115.34653465346534	non_syn	202	30
BT_Cry1Ab12	domain2	121.2871287128713	non_syn	202	30
BT_Cry1Ab12	domain2	126.23762376237624	non_syn	202	30
BT_Cry1Ab12	domain2	127.22772277227723	non_syn	202	30
BT_Cry1Ab12	domain2	130.69306930693068	non_syn	202	30
BT_Cry1Ab12	domain2	134.65346534653466	non_syn	202	30
BT_Cry1Ab12	domain2	137.12871287128712	non_syn	202	30
BT_Cry1Ab12	domain2	140.59405940594058	non_syn	202	30
BT_Cry1Ab12	domain2	142.5742574257426	non_syn	202	30
BT_Cry1Ab12	domain2	153.46534653465346	non_syn	202	30
BT_Cry1Ab12	domain2	154.95049504950495	non_syn	202	30
BT_Cry1Ab12	domain2	156.43564356435644	non_syn	202	30
BT_Cry1Ab12	domain2	159.9009900990099	non_syn	202	30
BT_Cry1Ab12	domain2	162.87128712871288	non_syn	202	30
BT_Cry1Ab12	domain2	166.33663366336634	non_syn	202	30
BT_Cry1Ab12	domain2	169.30693069306932	non_syn	202	30
BT_Cry1Ab12	domain2	171.28712871287127	non_syn	202	30
BT_Cry1Ab12	domain2	178.71287128712873	non_syn	202	30
BT_Cry1Ab12	domain2	186.63366336633663	non_syn	202	30
BT_Cry1Ab12	domain2	189.10891089108912	non_syn	202	30
BT_Cry1Ab12	domain2	190.0990099009901	non_syn	202	30
BT_Cry1Ab12	domain2	194.55445544554453	non_syn	202	30
BT_Cry1Ab12	domain2	195.04950495049505	non_syn	202	30
BT_Cry1Ab12	domain2	197.5247524752475	non_syn	202	30
BT_Cry1Ab12	domain2	102.97029702970298	syn	202	30
BT_Cry1Ab12	domain2	106.43564356435644	syn	202	30
BT_Cry1Ab12	domain2	111.38613861386139	syn	202	30
BT_Cry1Ab12	domain2	117.82178217821782	syn	202	30
BT_Cry1Ab12	domain2	121.78217821782178	syn	202	30
BT_Cry1Ab12	domain2	125.24752475247524	syn	202	30
BT_Cry1Ab12	domain2	126.73267326732673	syn	202	30
BT_Cry1Ab12	domain2	133.66336633663366	syn	202	30
BT_Cry1Ab12	domain2	134.15841584158414	syn	202	30
BT_Cry1Ab12	domain2	135.14851485148515	syn	202	30
BT_Cry1Ab12	domain2	135.64356435643563	syn	202	30
BT_Cry1Ab12	domain2	137.6237623762376	syn	202	30
BT_Cry1Ab12	domain2	151.4851485148515	syn	202	30
BT_Cry1Ab12	domain2	151.98019801980197	syn	202	30
BT_Cry1Ab12	domain2	152.4752475247525	syn	202	30
BT_Cry1Ab12	domain2	153.96039603960395	syn	202	30
BT_Cry1Ab12	domain2	154.45544554455446	syn	202	30
BT_Cry1Ab12	domain2	165.84158415841586	syn	202	30
BT_Cry1Ab12	domain2	168.31683168316832	syn	202	30
BT_Cry1Ab12	domain2	177.22772277227722	syn	202	30
BT_Cry1Ab12	domain2	179.20792079207922	syn	202	30
BT_Cry1Ab12	domain2	183.66336633663366	syn	202	30
BT_Cry1Ab12	domain2	189.6039603960396	syn	202	30
BT_Cry1Ia11	domain2	101.42857142857143	non_syn	210	29
BT_Cry1Ia11	domain2	103.33333333333333	non_syn	210	29
BT_Cry1Ia11	domain2	108.57142857142857	non_syn	210	29
BT_Cry1Ia11	domain2	109.52380952380952	non_syn	210	29
BT_Cry1Ia11	domain2	110.0	non_syn	210	29
BT_Cry1Ia11	domain2	111.42857142857143	non_syn	210	29
BT_Cry1Ia11	domain2	116.19047619047619	non_syn	210	29
BT_Cry1Ia11	domain2	118.0952380952381	non_syn	210	29
BT_Cry1Ia11	domain2	119.04761904761905	non_syn	210	29
BT_Cry1Ia11	domain2	119.52380952380952	non_syn	210	29
BT_Cry1Ia11	domain2	120.47619047619048	non_syn	210	29
BT_Cry1Ia11	domain2	121.9047619047619	non_syn	210	29
BT_Cry1Ia11	domain2	137.14285714285714	non_syn	210	29
BT_Cry1Ia11	domain2	141.42857142857144	non_syn	210	29
BT_Cry1Ia11	domain2	142.85714285714286	non_syn	210	29
BT_Cry1Ia11	domain2	143.33333333333334	non_syn	210	29
BT_Cry1Ia11	domain2	159.52380952380952	non_syn	210	29
BT_Cry1Ia11	domain2	160.47619047619048	non_syn	210	29
BT_Cry1Ia11	domain2	161.42857142857144	non_syn	210	29
BT_Cry1Ia11	domain2	161.9047619047619	non_syn	210	29
BT_Cry1Ia11	domain2	170.95238095238096	non_syn	210	29
BT_Cry1Ia11	domain2	174.76190476190476	non_syn	210	29
BT_Cry1Ia11	domain2	178.0952380952381	non_syn	210	29
BT_Cry1Ia11	domain2	179.04761904761904	non_syn	210	29
BT_Cry1Ia11	domain2	181.42857142857144	non_syn	210	29
BT_Cry1Ia11	domain2	182.85714285714286	non_syn	210	29
BT_Cry1Ia11	domain2	185.23809523809524	non_syn	210	29
BT_Cry1Ia11	domain2	185.71428571428572	non_syn	210	29
BT_Cry1Ia11	domain2	187.14285714285714	non_syn	210	29
BT_Cry1Ia11	domain2	191.42857142857144	non_syn	210	29
BT_Cry1Ia11	domain2	100.95238095238095	syn	210	29
BT_Cry1Ia11	domain2	105.23809523809524	syn	210	29
BT_Cry1Ia11	domain2	109.04761904761905	syn	210	29
BT_Cry1Ia11	domain2	115.71428571428571	syn	210	29
BT_Cry1Ia11	domain2	130.47619047619048	syn	210	29
BT_Cry1Ia11	domain2	137.61904761904762	syn	210	29
BT_Cry1Ia11	domain2	140.0	syn	210	29
BT_Cry1Ia11	domain2	151.42857142857142	syn	210	29
BT_Cry1Ia11	domain2	157.61904761904762	syn	210	29
BT_Cry1Ia11	domain2	158.57142857142858	syn	210	29
BT_Cry1Ia11	domain2	160.95238095238096	syn	210	29
BT_Cry1Ia11	domain2	175.23809523809524	syn	210	29
BT_Cry1Ia11	domain2	178.57142857142856	syn	210	29
BT_Cry1Ia11	domain2	183.33333333333334	syn	210	29
BT_Cry1Ia11	domain2	186.66666666666669	syn	210	29
BT_Cry1Ia11	domain2	193.33333333333331	syn	210	29
BT_Cry1Ia11	domain2	194.76190476190476	syn	210	29
BT_Cry2Ab15	domain2	102.4390243902439	non_syn	205	30
BT_Cry2Ab15	domain2	102.92682926829268	non_syn	205	30
BT_Cry2Ab15	domain2	103.41463414634147	non_syn	205	30
BT_Cry2Ab15	domain2	104.39024390243902	non_syn	205	30
BT_Cry2Ab15	domain2	105.36585365853658	non_syn	205	30
BT_Cry2Ab15	domain2	108.78048780487805	non_syn	205	30
BT_Cry2Ab15	domain2	109.7560975609756	non_syn	205	30
BT_Cry2Ab15	domain2	124.8780487804878	non_syn	205	30
BT_Cry2Ab15	domain2	125.3658536585366	non_syn	205	30
BT_Cry2Ab15	domain2	130.73170731707316	non_syn	205	30
BT_Cry2Ab15	domain2	134.14634146341464	non_syn	205	30
BT_Cry2Ab15	domain2	139.02439024390245	non_syn	205	30
BT_Cry2Ab15	domain2	142.9268292682927	non_syn	205	30
BT_Cry2Ab15	domain2	143.41463414634146	indel	205	30
BT_Cry2Ab15	domain2	146.34146341463415	non_syn	205	30
BT_Cry2Ab15	domain2	149.2682926829268	non_syn	205	30
BT_Cry2Ab15	domain2	150.7317073170732	non_syn	205	30
BT_Cry2Ab15	domain2	151.70731707317074	non_syn	205	30
BT_Cry2Ab15	domain2	152.1951219512195	non_syn	205	30
BT_Cry2Ab15	domain2	158.0487804878049	non_syn	205	30
BT_Cry2Ab15	domain2	159.02439024390245	non_syn	205	30
BT_Cry2Ab15	domain2	159.5121951219512	non_syn	205	30
BT_Cry2Ab15	domain2	161.46341463414635	non_syn	205	30
BT_Cry2Ab15	domain2	162.4390243902439	non_syn	205	30
BT_Cry2Ab15	domain2	163.41463414634146	non_syn	205	30
BT_Cry2Ab15	domain2	166.8292682926829	non_syn	205	30
BT_Cry2Ab15	domain2	167.3170731707317	non_syn	205	30
BT_Cry2Ab15	domain2	169.2682926829268	non_syn	205	30
BT_Cry2Ab15	domain2	170.7317073170732	non_syn	205	30
BT_Cry2Ab15	domain2	171.7073170731707	non_syn	205	30
BT_Cry2Ab15	domain2	172.1951219512195	non_syn	205	30
BT_Cry2Ab15	domain2	174.14634146341461	non_syn	205	30
BT_Cry2Ab15	domain2	174.6341463414634	non_syn	205	30
BT_Cry2Ab15	domain2	176.09756097560975	non_syn	205	30
BT_Cry2Ab15	domain2	179.5121951219512	non_syn	205	30
BT_Cry2Ab15	domain2	181.9512195121951	non_syn	205	30
BT_Cry2Ab15	domain2	183.90243902439025	non_syn	205	30
BT_Cry2Ab15	domain2	184.8780487804878	non_syn	205	30
BT_Cry2Ab15	domain2	185.3658536585366	non_syn	205	30
BT_Cry2Ab15	domain2	185.85365853658539	non_syn	205	30
BT_Cry2Ab15	domain2	187.8048780487805	non_syn	205	30
BT_Cry2Ab15	domain2	190.2439024390244	non_syn	205	30
BT_Cry2Ab15	domain2	190.7317073170732	non_syn	205	30
BT_Cry2Ab15	domain2	194.6341463414634	non_syn	205	30
BT_Cry2Ab15	domain2	196.58536585365852	non_syn	205	30
BT_Cry2Ab15	domain2	198.0487804878049	non_syn	205	30
BT_Cry2Ab15	domain2	198.53658536585365	non_syn	205	30
BT_Cry2Ab15	domain2	199.5121951219512	non_syn	205	30
BT_Cry2Ab15	domain2	100.0	syn	205	30
BT_Cry2Ab15	domain2	115.1219512195122	syn	205	30
BT_Cry2Ab15	domain2	121.46341463414635	syn	205	30
BT_Cry2Ab15	domain2	122.92682926829269	syn	205	30
BT_Cry2Ab15	domain2	123.90243902439025	syn	205	30
BT_Cry2Ab15	domain2	125.85365853658537	syn	205	30
BT_Cry2Ab15	domain2	127.8048780487805	syn	205	30
BT_Cry2Ab15	domain2	136.09756097560975	syn	205	30
BT_Cry2Ab15	domain2	141.9512195121951	syn	205	30
BT_Cry2Ab15	domain2	142.4390243902439	syn	205	30
BT_Cry2Ab15	domain2	147.3170731707317	syn	205	30
BT_Cry2Ab15	domain2	147.8048780487805	syn	205	30
BT_Cry2Ab15	domain2	149.7560975609756	syn	205	30
BT_Cry2Ab15	domain2	151.21951219512195	syn	205	30
BT_Cry2Ab15	domain2	153.1707317073171	syn	205	30
BT_Cry2Ab15	domain2	158.53658536585365	syn	205	30
BT_Cry2Ab15	domain2	160.97560975609755	syn	205	30
BT_Cry2Ab15	domain2	168.78048780487805	syn	205	30
BT_Cry2Ab15	domain2	171.21951219512195	syn	205	30
BT_Cry2Ab15	domain2	176.58536585365854	syn	205	30
BT_Cry1Aa10	domain2	101.51515151515152	non_syn	198	15
BT_Cry1Aa10	domain2	115.15151515151516	non_syn	198	15
BT_Cry1Aa10	domain2	122.22222222222223	non_syn	198	15
BT_Cry1Aa10	domain2	150.50505050505052	non_syn	198	15
BT_Cry1Aa10	domain2	175.25252525252523	non_syn	198	15
BT_Cry1Aa10	domain2	187.87878787878788	non_syn	198	15
BT_Cry1Aa10	domain2	197.97979797979798	non_syn	198	15
BT_Cry1Aa10	domain2	105.55555555555556	syn	198	15
BT_Cry1Aa10	domain2	111.61616161616162	syn	198	15
BT_Cry1Aa10	domain2	117.17171717171718	syn	198	15
BT_Cry1Ac39	domain2	100.99009900990099	non_syn	202	32
BT_Cry1Ac39	domain2	109.4059405940594	non_syn	202	32
BT_Cry1Ac39	domain2	115.34653465346534	non_syn	202	32
BT_Cry1Ac39	domain2	117.32673267326733	non_syn	202	32
BT_Cry1Ac39	domain2	127.22772277227723	non_syn	202	32
BT_Cry1Ac39	domain2	131.1881188118812	non_syn	202	32
BT_Cry1Ac39	domain2	134.65346534653466	non_syn	202	32
BT_Cry1Ac39	domain2	141.08910891089107	non_syn	202	32
BT_Cry1Ac39	domain2	143.06930693069307	non_syn	202	32
BT_Cry1Ac39	domain2	143.56435643564356	non_syn	202	32
BT_Cry1Ac39	domain2	149.5049504950495	non_syn	202	32
BT_Cry1Ac39	domain2	153.46534653465346	non_syn	202	32
BT_Cry1Ac39	domain2	155.44554455445547	non_syn	202	32
BT_Cry1Ac39	domain2	166.83168316831683	non_syn	202	32
BT_Cry1Ac39	domain2	167.32673267326732	non_syn	202	32
BT_Cry1Ac39	domain2	170.2970297029703	non_syn	202	32
BT_Cry1Ac39	domain2	172.2772277227723	non_syn	202	32
BT_Cry1Ac39	domain2	172.77227722772278	non_syn	202	32
BT_Cry1Ac39	domain2	177.22772277227722	non_syn	202	32
BT_Cry1Ac39	domain2	179.20792079207922	non_syn	202	32
BT_Cry1Ac39	domain2	190.0990099009901	non_syn	202	32
BT_Cry1Ac39	domain2	191.0891089108911	indel	202	32
BT_Cry1Ac39	domain2	194.05940594059405	non_syn	202	32
BT_Cry1Ac39	domain2	196.03960396039605	non_syn	202	32
BT_Cry1Ac39	domain2	196.53465346534654	non_syn	202	32
BT_Cry1Ac39	domain2	125.24752475247524	syn	202	32
BT_Cry1Ac39	domain2	126.23762376237624	syn	202	32
BT_Cry1Ac39	domain2	126.73267326732673	syn	202	32
BT_Cry1Ac39	domain2	133.66336633663366	syn	202	32
BT_Cry1Ac39	domain2	134.15841584158414	syn	202	32
BT_Cry1Ac39	domain2	137.6237623762376	syn	202	32
BT_Cry1Ac39	domain2	140.59405940594058	syn	202	32
BT_Cry1Ac39	domain2	151.98019801980197	syn	202	32
BT_Cry1Ac39	domain2	152.4752475247525	syn	202	32
BT_Cry1Ac39	domain2	163.86138613861385	syn	202	32
BT_Cry1Ac39	domain2	174.75247524752476	syn	202	32
BT_Cry1Ac39	domain2	175.74257425742576	syn	202	32
BT_Cry1Ac39	domain2	182.17821782178217	syn	202	32
BT_Cry2Aa13	domain2	100.0	non_syn	205	14
BT_Cry2Aa13	domain2	100.97560975609755	non_syn	205	14
BT_Cry2Aa13	domain2	106.82926829268293	non_syn	205	14
BT_Cry2Aa13	domain2	113.17073170731707	non_syn	205	14
BT_Cry2Aa13	domain2	141.9512195121951	non_syn	205	14
BT_Cry2Aa13	domain2	182.4390243902439	non_syn	205	14
BT_Cry2Aa13	domain2	190.2439024390244	non_syn	205	14
BT_Cry2Aa13	domain2	102.4390243902439	syn	205	14
BT_Cry2Aa13	domain2	102.92682926829268	syn	205	14
BT_Cry2Aa13	domain2	103.90243902439025	syn	205	14
BT_Cry2Aa13	domain2	105.36585365853658	syn	205	14
BT_Cry2Aa13	domain2	105.85365853658537	syn	205	14
BT_Cry2Aa13	domain2	109.26829268292683	syn	205	14
BT_Cry2Aa13	domain2	168.78048780487805	syn	205	14
BT_Cry2Ac10	domain2	106.63265306122449	non_syn	196	12
BT_Cry2Ac10	domain2	130.6122448979592	indel	196	12
BT_Cry2Ac10	domain2	131.12244897959184	non_syn	196	12
BT_Cry2Ac10	domain2	131.6326530612245	non_syn	196	12
BT_Cry2Ac10	domain2	132.14285714285714	non_syn	196	12
BT_Cry2Ac10	domain2	132.6530612244898	non_syn	196	12
BT_Cry2Ac10	domain2	133.16326530612244	non_syn	196	12
BT_Cry2Ac10	domain2	133.6734693877551	non_syn	196	12
BT_Cry2Ac10	domain2	135.20408163265307	non_syn	196	12
BT_Cry2Ac10	domain2	142.3469387755102	non_syn	196	12
BT_Cry2Ac10	domain2	157.6530612244898	non_syn	196	12
BT_Cry2Ac10	domain2	188.77551020408163	non_syn	196	12
BT_Cry2Ac10	domain2	189.79591836734693	non_syn	196	12
BT_Cry2Ac10	domain2	197.44897959183675	non_syn	196	12
BT_Cry2Ac10	domain2	136.73469387755102	syn	196	12
BT_Cry2Ac10	domain2	159.69387755102042	syn	196	12
BT_Cry1Ab12	domain3	204.76190476190476	non_syn	147	30
BT_Cry1Ab12	domain3	221.7687074829932	non_syn	147	30
BT_Cry1Ab12	domain3	223.8095238095238	non_syn	147	30
BT_Cry1Ab12	domain3	233.33333333333331	non_syn	147	30
BT_Cry1Ab12	domain3	245.57823129251702	non_syn	147	30
BT_Cry1Ab12	domain3	246.9387755102041	non_syn	147	30
BT_Cry1Ab12	domain3	253.0612244897959	non_syn	147	30
BT_Cry1Ab12	domain3	256.4625850340136	non_syn	147	30
BT_Cry1Ab12	domain3	258.5034013605442	non_syn	147	30
BT_Cry1Ab12	domain3	265.3061224489796	non_syn	147	30
BT_Cry1Ab12	domain3	268.02721088435374	non_syn	147	30
BT_Cry1Ab12	domain3	268.7074829931973	non_syn	147	30
BT_Cry1Ab12	domain3	272.10884353741494	non_syn	147	30
BT_Cry1Ab12	domain3	272.7891156462585	non_syn	147	30
BT_Cry1Ab12	domain3	273.46938775510205	non_syn	147	30
BT_Cry1Ab12	domain3	274.1496598639456	non_syn	147	30
BT_Cry1Ab12	domain3	274.82993197278915	non_syn	147	30
BT_Cry1Ab12	domain3	280.2721088435374	non_syn	147	30
BT_Cry1Ab12	domain3	232.6530612244898	syn	147	30
BT_Cry1Ab12	domain3	236.05442176870747	syn	147	30
BT_Cry1Ab12	domain3	244.21768707482994	syn	147	30
BT_Cry1Ab12	domain3	249.65986394557822	syn	147	30
BT_Cry1Ab12	domain3	261.2244897959184	syn	147	30
BT_Cry1Ab12	domain3	269.38775510204084	syn	147	30
BT_Cry1Ab12	domain3	276.87074829931976	syn	147	30
BT_Cry1Ab12	domain3	278.2312925170068	syn	147	30
BT_Cry1Ab12	domain3	296.5986394557823	syn	147	30
BT_Cry1Ia11	domain3	205.1094890510949	non_syn	137	29
BT_Cry1Ia11	domain3	205.83941605839416	non_syn	137	29
BT_Cry1Ia11	domain3	210.94890510948906	non_syn	137	29
BT_Cry1Ia11	domain3	211.67883211678833	non_syn	137	29
BT_Cry1Ia11	domain3	218.24817518248176	non_syn	137	29
BT_Cry1Ia11	domain3	220.43795620437956	non_syn	137	29
BT_Cry1Ia11	domain3	227.007299270073	non_syn	137	29
BT_Cry1Ia11	domain3	229.1970802919708	non_syn	137	29
BT_Cry1Ia11	domain3	231.38686131386862	non_syn	137	29
BT_Cry1Ia11	domain3	233.57664233576642	non_syn	137	29
BT_Cry1Ia11	domain3	247.44525547445255	non_syn	137	29
BT_Cry1Ia11	domain3	252.55474452554745	non_syn	137	29
BT_Cry1Ia11	domain3	264.2335766423358	non_syn	137	29
BT_Cry1Ia11	domain3	268.6131386861314	non_syn	137	29
BT_Cry1Ia11	domain3	270.0729927007299	non_syn	137	29
BT_Cry1Ia11	domain3	278.8321167883212	non_syn	137	29
BT_Cry1Ia11	domain3	206.56934306569343	syn	137	29
BT_Cry1Ia11	domain3	213.13868613138686	syn	137	29
BT_Cry1Ia11	domain3	215.32846715328466	syn	137	29
BT_Cry1Ia11	domain3	222.62773722627736	syn	137	29
BT_Cry1Ia11	domain3	237.95620437956205	syn	137	29
BT_Cry1Ia11	domain3	240.14598540145985	syn	137	29
BT_Cry1Ia11	domain3	245.25547445255475	syn	137	29
BT_Cry1Ia11	domain3	248.90510948905109	syn	137	29
BT_Cry1Ia11	domain3	259.1240875912409	syn	137	29
BT_Cry1Ia11	domain3	277.37226277372264	syn	137	29
BT_Cry1Ia11	domain3	292.7007299270073	syn	137	29
BT_Cry2Ab15	domain3	203.5211267605634	non_syn	142	30
BT_Cry2Ab15	domain3	209.1549295774648	non_syn	142	30
BT_Cry2Ab15	domain3	221.1267605633803	non_syn	142	30
BT_Cry2Ab15	domain3	226.7605633802817	non_syn	142	30
BT_Cry2Ab15	domain3	228.8732394366197	non_syn	142	30
BT_Cry2Ab15	domain3	230.98591549295776	non_syn	142	30
BT_Cry2Ab15	domain3	247.1830985915493	non_syn	142	30
BT_Cry2Ab15	domain3	248.59154929577466	non_syn	142	30
BT_Cry2Ab15	domain3	250.0	non_syn	142	30
BT_Cry2Ab15	domain3	250.70422535211267	non_syn	142	30
BT_Cry2Ab15	domain3	252.8169014084507	non_syn	142	30
BT_Cry2Ab15	domain3	254.92957746478874	non_syn	142	30
BT_Cry2Ab15	domain3	257.7464788732394	non_syn	142	30
BT_Cry2Ab15	domain3	259.15492957746477	non_syn	142	30
BT_Cry2Ab15	domain3	259.85915492957747	non_syn	142	30
BT_Cry2Ab15	domain3	260.5633802816901	non_syn	142	30
BT_Cry2Ab15	domain3	268.30985915492954	non_syn	142	30
BT_Cry2Ab15	domain3	270.4225352112676	non_syn	142	30
BT_Cry2Ab15	domain3	271.830985915493	non_syn	142	30
BT_Cry2Ab15	domain3	272.53521126760563	non_syn	142	30
BT_Cry2Ab15	domain3	273.943661971831	non_syn	142	30
BT_Cry2Ab15	domain3	276.056338028169	non_syn	142	30
BT_Cry2Ab15	domain3	276.76056338028167	non_syn	142	30
BT_Cry2Ab15	domain3	277.46478873239437	non_syn	142	30
BT_Cry2Ab15	domain3	278.169014084507	non_syn	142	30
BT_Cry2Ab15	domain3	280.98591549295776	non_syn	142	30
BT_Cry2Ab15	domain3	281.69014084507046	non_syn	142	30
BT_Cry2Ab15	domain3	282.3943661971831	non_syn	142	30
BT_Cry2Ab15	domain3	283.09859154929575	non_syn	142	30
BT_Cry2Ab15	domain3	283.80281690140845	indel	142	30
BT_Cry2Ab15	domain3	284.50704225352115	non_syn	142	30
BT_Cry2Ab15	domain3	285.2112676056338	non_syn	142	30
BT_Cry2Ab15	domain3	287.32394366197184	non_syn	142	30
BT_Cry2Ab15	domain3	288.7323943661972	non_syn	142	30
BT_Cry2Ab15	domain3	293.6619718309859	non_syn	142	30
BT_Cry2Ab15	domain3	295.07042253521126	non_syn	142	30
BT_Cry2Ab15	domain3	297.88732394366195	non_syn	142	30
BT_Cry2Ab15	domain3	299.29577464788736	non_syn	142	30
BT_Cry2Ab15	domain3	202.81690140845072	syn	142	30
BT_Cry2Ab15	domain3	204.22535211267606	syn	142	30
BT_Cry2Ab15	domain3	205.6338028169014	syn	142	30
BT_Cry2Ab15	domain3	208.45070422535213	syn	142	30
BT_Cry2Ab15	domain3	209.85915492957747	syn	142	30
BT_Cry2Ab15	domain3	216.90140845070422	syn	142	30
BT_Cry2Ab15	domain3	228.16901408450704	syn	142	30
BT_Cry2Ab15	domain3	235.9154929577465	syn	142	30
BT_Cry2Ab15	domain3	245.77464788732394	syn	142	30
BT_Cry2Ab15	domain3	252.11267605633802	syn	142	30
BT_Cry2Ab15	domain3	256.3380281690141	syn	142	30
BT_Cry2Ab15	domain3	257.0422535211268	syn	142	30
BT_Cry2Ab15	domain3	262.67605633802816	syn	142	30
BT_Cry2Ab15	domain3	267.6056338028169	syn	142	30
BT_Cry2Ab15	domain3	269.71830985915494	syn	142	30
BT_Cry2Ab15	domain3	273.23943661971833	syn	142	30
BT_Cry2Ab15	domain3	278.8732394366197	syn	142	30
BT_Cry2Ab15	domain3	285.9154929577465	syn	142	30
BT_Cry2Ab15	domain3	290.84507042253523	syn	142	30
BT_Cry2Ab15	domain3	291.5492957746479	syn	142	30
BT_Cry2Ab15	domain3	292.2535211267606	syn	142	30
BT_Cry2Ab15	domain3	295.7746478873239	syn	142	30
BT_Cry1Aa10	domain3	208.78378378378378	non_syn	148	15
BT_Cry1Aa10	domain3	240.54054054054055	non_syn	148	15
BT_Cry1Aa10	domain3	266.2162162162162	non_syn	148	15
BT_Cry1Aa10	domain3	281.0810810810811	non_syn	148	15
BT_Cry1Aa10	domain3	250.0	syn	148	15
BT_Cry1Aa10	domain3	261.4864864864865	syn	148	15
BT_Cry1Aa10	domain3	274.3243243243243	syn	148	15
BT_Cry1Ac39	domain3	209.28571428571428	non_syn	140	32
BT_Cry1Ac39	domain3	210.71428571428572	non_syn	140	32
BT_Cry1Ac39	domain3	222.14285714285714	non_syn	140	32
BT_Cry1Ac39	domain3	228.57142857142856	non_syn	140	32
BT_Cry1Ac39	domain3	230.0	non_syn	140	32
BT_Cry1Ac39	domain3	245.71428571428572	non_syn	140	32
BT_Cry1Ac39	domain3	252.85714285714286	non_syn	140	32
BT_Cry1Ac39	domain3	256.42857142857144	non_syn	140	32
BT_Cry1Ac39	domain3	260.0	non_syn	140	32
BT_Cry1Ac39	domain3	266.42857142857144	non_syn	140	32
BT_Cry1Ac39	domain3	267.1428571428571	non_syn	140	32
BT_Cry1Ac39	domain3	274.2857142857143	non_syn	140	32
BT_Cry1Ac39	domain3	288.57142857142856	non_syn	140	32
BT_Cry1Ac39	domain3	295.7142857142857	non_syn	140	32
BT_Cry1Ac39	domain3	296.42857142857144	non_syn	140	32
BT_Cry1Ac39	domain3	220.0	syn	140	32
BT_Cry1Ac39	domain3	232.14285714285714	syn	140	32
BT_Cry1Ac39	domain3	255.71428571428572	syn	140	32
BT_Cry1Ac39	domain3	290.0	syn	140	32
BT_Cry2Aa13	domain3	235.46099290780143	non_syn	141	14
BT_Cry2Aa13	domain3	263.82978723404256	non_syn	141	14
BT_Cry2Aa13	domain3	271.63120567375887	non_syn	141	14
BT_Cry2Aa13	domain3	202.8368794326241	syn	141	14
BT_Cry2Aa13	domain3	229.07801418439715	syn	141	14
BT_Cry2Aa13	domain3	299.290780141844	syn	141	14
BT_Cry2Ac10	domain3	230.0	non_syn	140	12
BT_Cry2Ac10	domain3	232.85714285714286	non_syn	140	12
BT_Cry2Ac10	domain3	235.71428571428572	non_syn	140	12
BT_Cry2Ac10	domain3	222.14285714285714	syn	140	12
BT_Cry2Ac10	domain3	252.14285714285714	syn	140	12
